county,city,type,website,drop,ballot,ballot_link,ballot_link_text,sorting county
Androscoggin,,county,https://www.androscoggincountymaine.gov/about/about.htm,,,,,Androscoggin
,Auburn,election,http://www.auburnmaine.gov/pages/government/election-and-voting,,Ward 1 school committee member,,,Androscoggin
,Durham,election,https://www.durhamme.com/election-information,,"Zoning map and land use ordinance, historic district ordinance, marijuana ordinances, and approval to hire a town manager",https://www.durhamme.com/sites/g/files/vyhlif4366/f/uploads/message_from_selectmen_09012020.pdf,Town meeting agenda,Androscoggin
,Greene,town,http://www.townofgreene.net/,,,,,Androscoggin
,Leeds,town,https://sites.google.com/site/townofleedsmaine/,,,,,Androscoggin
,Lewiston,election,https://www.lewistonmaine.gov/117/Elections,City Hall - Park Street entrance door,,,,Androscoggin
,Lisbon,election,https://www.lisbonme.org/election-information,,,,,Androscoggin
,Livermore,town,http://livermoremaine.org/,,,,,Androscoggin
,Livermore Falls,town,http://lfme.org/,,,,,Androscoggin
,Mechanic Falls,town,https://mechanicfalls.govoffice.com/,,,,,Androscoggin
,Minot,election,https://minotme.org/index.asp?SEC=8CA67442-D60D-4CCD-B5C0-F0C162FD0658&DE=3DD12AA1-1B1B-4844-AB38-AD2EA80C2324,,,,,Androscoggin
,Poland,town,https://www.polandtownoffice.org/,,,,,Androscoggin
,Sabattus,town,https://www.sabattus.org/,,,,,Androscoggin
,Turner,town,https://www.turnermaine.com/,,,,,Androscoggin
,Wales,town,http://walesmaine.org/,,,,,Androscoggin
Aroostook,,county,https://www.aroostook.me.us/,,,,,Aroostook
,Allagash,town,http://www.aroostook.me.us/allagash/,,,,,Aroostook
,Amity,town,http://townofamity.com/,,,,,Aroostook
,Ashland,town,http://townofashland.org/,,,,,Aroostook
,Bancroft,contact info,https://www.maine.gov/local/town.php?t=Bancroft,,,,,Aroostook
,Blaine,contact info,https://www.maine.gov/local/town.php?t=Blaine,,,,,Aroostook
,Bridgewater,Facebook,https://www.facebook.com/bridgewatermaine/,,,,,Aroostook
,Caribou,election,http://www.cariboumaine.org/index.php/departments/city-clerk/elections/,,,,,Aroostook
,Cary Plantation,contact info,https://www.maine.gov/local/town.php?t=Cary%20Plt,,,,,Aroostook
,Castle Hill,town,https://www.mapleton.me/#,,,,,Aroostook
,Caswell,contact info,https://www.maine.gov/local/town.php?t=Caswell,,,,,Aroostook
,Chapman,town,https://www.mapleton.me/#,,,,,Aroostook
,Crystal,contact info,https://www.maine.gov/local/town.php?t=Crystal,,,,,Aroostook
,Cyr Plantation,contact info,https://www.maine.gov/local/town.php?t=Cyr%20Plt,,,,,Aroostook
,Dyer Brook,contact info,https://www.maine.gov/local/town.php?t=Dyer%20Brook,,,,,Aroostook
,Eagle Lake,election,https://www.townofeaglelake.org/registering-to-vote,,,,,Aroostook
,Easton,election,https://www.eastonme.com/municipal-departments/elections-voting/,,Liquor sales on Sundays,https://www.eastonme.com/wp-content/uploads/2020/09/LiquorWarrant11-3-2020_001174.pdf,Town Meeting Warrant,Aroostook
,Fort Fairfield,town,http://www.fortfairfield.org/,,,,,Aroostook
,Fort Kent,town,http://www.fortkent.org/,,,,,Aroostook
,Frenchville,town,https://www.frenchville.org/,,,,,Aroostook
,Garfield Plantation,contact info,https://www.maine.gov/local/town.php?t=Garfield%20Plt,,,,,Aroostook
,Glenwood Plantation,contact info,https://www.maine.gov/local/town.php?t=Glenwood%20Plt,,,,,Aroostook
,Grand Isle,town,http://www.grandislemaine.com/Home_Page.php,,,,,Aroostook
,Hamlin,contact info,https://www.maine.gov/local/town.php?t=Hamlin,,,,,Aroostook
,Hammond,contact info,https://www.maine.gov/local/town.php?t=Hammond,,,,,Aroostook
,Haynesville,contact info,https://www.maine.gov/local/town.php?t=Haynesville,,,,,Aroostook
,Hersey,contact info,https://www.maine.gov/local/town.php?t=Hersey,,,,,Aroostook
,Hodgdon,contact info,https://www.maine.gov/local/town.php?t=Hodgdon,,,,,Aroostook
,Houlton,town,http://www.houlton-maine.com/,,,,,Aroostook
,Island Falls,election,https://www.islandfallsme.us/index.asp?SEC=0DE9ACC4-6892-4F43-A1D3-2E313D3EAB71,,,,,Aroostook
,Limestone,town,http://www.limestonemaine.org/,,,,,Aroostook
,Linneus,contact info,https://www.maine.gov/local/town.php?t=Linneus,,,,,Aroostook
,Littleton,Facebook,https://www.facebook.com/pages/Littleton-Town-Office/1065409710159142,,,,,Aroostook
,Ludlow,Facebook,https://www.facebook.com/pages/Ludlow-Town-Office/452966878460576,,,,,Aroostook
,Macwahoc Plantation,contact info,https://www.maine.gov/local/town.php?t=Macwahoc%20Plt,,,,,Aroostook
,Madawaska,town,http://townofmadawaska.com,,,,,Aroostook
,Mapleton,town,https://www.mapleton.me/#,,,,,Aroostook
,Mars Hill,election,https://marshillmaine.org/voter-election-information/,,,,,Aroostook
,Masardis,contact info,https://www.maine.gov/local/town.php?t=Masardis,,,,,Aroostook
,Merrill,town,https://merrill.aroostook.me.us/,,,,,Aroostook
,Monticello,contact info,https://www.maine.gov/local/town.php?t=Monticello,,,,,Aroostook
,Moro Plantation,contact info,https://www.maine.gov/local/town.php?t=Moro%20Plt,,,,,Aroostook
,Nashville Plantation,contact info,https://www.maine.gov/local/town.php?t=Nashville%20Plt,,,,,Aroostook
,New Canada,contact info,https://www.maine.gov/local/town.php?t=New%20Canada,,,,,Aroostook
,New Limerick,contact info,https://www.maine.gov/local/town.php?t=New%20Limerick,,,,,Aroostook
,New Sweden,contact info,https://www.maine.gov/local/town.php?t=New%20Sweden,,,,,Aroostook
,Oakfield,town,https://www.oakfieldme.org/,,,,,Aroostook
,Orient,town,http://www.orientmaine.org/,,,,,Aroostook
,Oxbow Plantation,contact info,https://www.maine.gov/local/town.php?t=Oxbow%20Plt,,,,,Aroostook
,Perham,contact info,https://www.maine.gov/local/town.php?t=Perham,,,,,Aroostook
,Portage Lake,election,https://www.townofportage.org/town-government/office-personnel/office-of-the-clerk.html,,,,,Aroostook
,Presque Isle,election,http://presqueislemaine.gov/city-clerks-office/,,,,,Aroostook
,Reed Plantation,contact info,https://www.maine.gov/local/town.php?t=Reed%20Plt,,,,,Aroostook
,Sherman,contact info,https://www.maine.gov/local/town.php?t=Sherman,,,,,Aroostook
,Smyrna,town,https://www.aroostook.me.us/smyrna/,,,,,Aroostook
,St. Agatha,election,https://www.stagatha.com/news-events/town-elections.html,,,,,Aroostook
,St. Francis,town,http://stfrancisme.com/,,,,,Aroostook
,St. John Plantation,contact info,https://www.maine.gov/local/town.php?t=Saint%20John%20Plt,,,,,Aroostook
,Stockholm,contact info,https://www.maine.gov/local/town.php?t=Stockholm,,,,,Aroostook
,Van Buren,town,http://www.vanburenmaine.com/,,,,,Aroostook
,Wade,contact info,https://www.maine.gov/local/town.php?t=Wade,,,,,Aroostook
,Wallagrass,Facebook,https://www.facebook.com/townofwallagrass/,,,,,Aroostook
,Washburn,election,https://www.washburnmaine.org/municipal-departments/elections-voting/,,,,,Aroostook
,Westfield,contact info,https://www.maine.gov/local/town.php?t=Westfield,,,,,Aroostook
,Westmanland,contact info,https://www.maine.gov/local/town.php?t=Westmanland,,,,,Aroostook
,Weston,town,https://townofwestonnet.ipower.com/,,,,,Aroostook
,Winterville Plantation,contact info,https://www.maine.gov/local/town.php?t=Winterville%20Plt,,,,,Aroostook
,Woodland,town,https://www.townofwoodland.org/,,,,,Aroostook
Cumberland,,county,http://www.cumberlandcounty.org/,,,,,Cumberland
,Baldwin,town,https://www.baldwinmaine.org/,,,,,Cumberland
,Bridgton,election,https://bridgtonmaine.org/elections/,,,,,Cumberland
,Brunswick,election,http://www.brunswickme.org/286/Elections,Town Hall - near front door,,,,Cumberland
,Cape Elizabeth,election,https://www.capeelizabeth.com/services/elections/home.html,,"Town council, school board, water district",,,Cumberland
,Casco,town,https://cascomaine.org/,,,,,Cumberland
,Chebeague Island,town,https://www.townofchebeagueisland.org/,,,,,Cumberland
,Cumberland,election,https://www.cumberlandmaine.com/election,,,,,Cumberland
,Falmouth,election,https://www.falmouthme.org/town-clerk/pages/election-information,,,,,Cumberland
,Freeport,election,https://www.freeportmaine.com/town-clerk/pages/election-services,Town Hall,"Town council, school board, sewer district, water district",,,Cumberland
,Frye Island,town,http://www.fryeisland.com/,,,,,Cumberland
,Gorham,election,https://www.gorham-me.org/town-clerk/pages/annual-municipal-election,Municipal Center,,,,Cumberland
,Gray,election,https://www.graymaine.org/elections,,,,,Cumberland
,Harpswell,election,https://www.harpswell.maine.gov/index.asp?SEC=49346E07-DA84-4C68-BD02-EAC23C5B5A18&Type=B_BASIC,,,,,Cumberland
,Harrison,election,https://www.harrisonmaine.org/index.asp?SEC=4CAFBDBB-36BE-4517-948F-BA6571E11ADE&DE=84D5F5E9-5D93-49A4-8E88-3F66B3086CB6&Type=B_BASIC,,,,,Cumberland
,Long Island,election,http://townoflongisland.us/wp/?page_id=181,,,,,Cumberland
,Naples,town,https://www.townofnaples.org/,,,,,Cumberland
,New Gloucester,election,https://www.newgloucester.com/index.asp?Type=B_BASIC&SEC={AB7D0D21-9C89-4C15-9D6F-DE687764863E},,,,,Cumberland
,North Yarmouth,election,https://www.northyarmouth.org/town-clerk/pages/elections-voter-registration,,,,,Cumberland
,Portland,election,https://www.portlandmaine.gov/325/Elections-Voting,Merrill Auditorium lobby,,,,Cumberland
,Pownal,election,https://www.pownalmaine.org/index.asp?Type=B_LIST&SEC={3290832E-1DCD-43A2-B2C3-331F9445751F},,,,,Cumberland
,Raymond,election,https://www.raymondmaine.org/town-office/voters/elections,,,,,Cumberland
,Scarborough,election,https://www.scarboroughmaine.org/departments/town-clerk/elections/,,,,,Cumberland
,Sebago,town,https://www.townofsebago.org/,,,,,Cumberland
,South Portland,election,https://www.southportland.org/departments/city-clerk/november-3-2015-election,,"City council, school board, water district",,,Cumberland
,Standish,election,https://www.standish.org/town-clerk/pages/election-general-information,,,,,Cumberland
,Westbrook,election,https://www.westbrookmaine.com/181/Elections-Voting,,,,,Cumberland
,Windham,election,http://www.windhammaine.us/125/Voter-Information,,,,,Cumberland
,Yarmouth,election,https://yarmouth.me.us/elections,,,,,Cumberland
Franklin,,county,https://www.franklincounty.maine.gov/,,,,,Franklin
,Avon,contact info,https://www.maine.gov/local/town.php?t=Avon,,,,,Franklin
,Carrabassett Valley,town,http://www.carrabassettvalley.org/,,,,,Franklin
,Carthage,contact info,https://www.maine.gov/local/town.php?t=Carthage,,,,,Franklin
,Chesterville,town,https://www.townofchesterville.me/,,,,,Franklin
,Coplin Plantation,contact info,https://www.maine.gov/local/town.php?t=Coplin%20Plt,,,,,Franklin
,Dallas Plantation,town,https://www.dallasplantation.com/,,,,,Franklin
,Eustis,election,https://eustismaine.org/departments/registrar-of-voters/,,,,,Franklin
,Farmington,election,https://www.farmington-maine.org/voting-and-elections,,,,,Franklin
,Industry,town,https://www.townofindustry.com/?fbclid=IwAR3ULakS5ZFcjydfwY8IPYtBiLl1R7D11v_eQc6VYBPzKl29NAnz0gFZATE,,,,,Franklin
,Jay,town,http://www.jay-maine.org/,,,,,Franklin
,Kingfield,election,http://www.kingfield.me/1005-2/,,,,,Franklin
,New Sharon,town,https://www.newsharon.maine.gov/,,,,,Franklin
,New Vineyard,town,http://www.newvineyardme.org/,,,,,Franklin
,Phillips,town,http://www.phillipsmaine.com/,,,,,Franklin
,Rangeley,election,https://townofrangeley.com/185/Elections-Voter-Registration,,,,,Franklin
,Rangeley Plantation,contact info,https://www.maine.gov/local/town.php?t=Rangeley%20Plt,,,,,Franklin
,Sandy River Plantation,contact info,https://www.maine.gov/local/town.php?t=Sandy%20River%20Plt,,,,,Franklin
,Strong,town,http://strongmaine.com/,,,,,Franklin
,Temple,town,https://townoftemple.org/?fbclid=IwAR3pyJXsu2LQvxIpDx2paoXqPwlFMHMfraJdB9IMHMspf1bhzCWqyWkeaqo,,,,,Franklin
,Weld,town,http://www.weld-maine.org/,,,,,Franklin
,Wilton,town,http://www.wiltonmaine.org,,,,,Franklin
Hancock,,county,https://co.hancock.me.us/site/index.php,,,,,Hancock
,Amherst,town,http://amherstmaine.org/,,,,,Hancock
,Aurora,contact info,https://www.maine.gov/local/town.php?t=Aurora,,,,,Hancock
,Bar Harbor,election,http://www.barharbormaine.gov/130/Elections---General-Info,,,,,Hancock
,Blue Hill,election,https://www.townofbluehillmaine.org/-voting,,,,,Hancock
,Brooklin,town,https://www.brooklinmaine.com/,,,,,Hancock
,Brooksville,town,https://www.brooksvillemaine.org/,,,,,Hancock
,Bucksport,election,https://www.bucksportmaine.gov/index.asp?Type=B_BASIC&SEC={8253A310-60E6-4438-A35F-2009D623A8A9},,,,,Hancock
,Castine,town,https://castine.me.us/,,,,,Hancock
,Cranberry Isles,town,https://www.cranberryisles-me.gov/,,Special Election (Oct 1),,,Hancock
,Dedham,election,https://www.dedhamme.org/index.asp?SEC=F6196C83-D62F-40DC-BF35-13F815190E14&Type=B_BASIC,,,,,Hancock
,Deer Isle,town,https://www.townofdeerisle.org/,Town Office,,,,Hancock
,Eastbrook,town,https://www.eastbrookme.com/,,,,,Hancock
,Ellsworth,election,https://www.ellsworthmaine.gov/services/voter-registration/#ffs-tabbed-11,Church Street entrance lobby of City Hall,,,,Hancock
,Fletcher's Landing Township,election,https://www.ellsworthmaine.gov/services/voter-registration/#ffs-tabbed-11,Church Street entrance lobby of City Hall,,,,Hancock
,Franklin,town,https://www.franklinmaine.com/site/,,,,,Hancock
,Frenchboro,town,http://frenchboro.maine.gov/,,,,,Hancock
,Gouldsboro,town,http://www.gouldsborotown.com/,,,,,Hancock
,Great Pond,town,https://www.emainehosting.com/TownofGreatPond/,,,,,Hancock
,Hancock,election,http://www.hancockmaine.org/content/4101/Elections/,,,,,Hancock
,Lamoine,town,http://www.lamoine-me.gov/,,Special Meeting (Oct 15),,,Hancock
,Mariaville,election,https://mariaville.govoffice.com/index.asp?SEC=96F3477A-036E-4BA5-B4AD-F61CDECE3363&Type=B_BASIC,,,,,Hancock
,Mount Desert,election,https://www.mtdesert.org/town-clerk/pages/elections-voting,,,,,Hancock
,Orland,town,http://www.orlandme.org/,,,,,Hancock
,Osborn,town,https://www.emainehosting.com/OsbornMaine/,,,,,Hancock
,Otis,town,http://www.townofotis.com/,,,,,Hancock
,Penobscot,town,http://www.penobscot-maine.com/,,,,,Hancock
,Sedgwick,town,https://www.sedgwickmaine.org/,,,,,Hancock
,Sorrento,town,https://sorrentomaine.blogspot.com/p/town-office-info.html,,,,,Hancock
,Southwest Harbor,town,http://www.southwestharbormaine.org/,,,,,Hancock
,Stonington,town,https://www.stoningtonmaine.org/,,,,,Hancock
,Sullivan,town,https://sullivanmaine.org/,,,,,Hancock
,Surry,election,https://surry.govoffice.com/index.asp?SEC=0A6F85A3-8538-4939-8ACA-F6437FF54E75&DE=1A04F86F-0FAD-46DF-A088-B67EE1C3896C&Type=B_BASIC,,,,,Hancock
,Swans Island,town,http://swansisland.org/,,,,,Hancock
,Tremont,town,http://tremont.maine.gov/,,,,,Hancock
,Trenton,town,https://www.trentonme.com/,,,,,Hancock
,Verona Island,town,http://www.veroname.org/,,,,,Hancock
,Waltham,contact info,https://www.maine.gov/local/town.php?t=Waltham,,,,,Hancock
,Winter Harbor,town,https://winterharbortown.com/,,,,,Hancock
Kennebec,,county,https://kennebeccounty.org/,,,,,Kennebec
,Albion,town,https://townofalbionmaine.com/,,,,,Kennebec
,Augusta,election,http://www.augustamaine.gov/businesses/city_government/elections.php,,"City council, board of education",,,Kennebec
,Belgrade,election,https://www.townofbelgrade.com/voterregistration,Town Office,,,,Kennebec
,Benton,election,https://www.bentonmaine.info/town-clerk---elections.html,,Town Election and Referendum,https://drive.google.com/file/d/1xtLxC-rOuLqN-gson4difyzByEEVMd9B/view,Are you in favor of authorizing the Selectmen to transfer funds from office salary/compensation to town clerk salary/compensation in the amount of $9500?,Kennebec
,Chelsea,town,https://chelseamaine.org/,,,,,Kennebec
,China,election,https://china.govoffice.com/elections,"Selectman, planning board, budget committee, solid waste ordinances",,,,Kennebec
,Clinton,town,http://www.clinton-me.us,,,,,Kennebec
,Farmingdale,election,https://www.farmingdalemaine.org/index.asp?SEC=645DE9BE-E94D-4525-BF14-931B69726E98&Type=B_BASIC,,,,,Kennebec
,Fayette,town,https://www.fayettemaine.org/,,,,,Kennebec
,Gardiner,election,https://www.gardinermaine.com/office-city-clerk/pages/voting-elections,,"Mayor, city council, school board",,,Kennebec
,Hallowell,election,https://hallowell.govoffice.com/index.asp?Type=B_BASIC&SEC=%7B49BCD9B5-12A8-43C1-96FA-2F515E9100E9%7D,,,,,Kennebec
,Litchfield,election,https://www.litchfieldmaine.org/town-government/town-meeting/,,,,,Kennebec
,Manchester,town,http://www.manchester.govoffice2.com/,,,,,Kennebec
,Monmouth,town,http://www.monmouthme.org,,,,,Kennebec
,Mount Vernon,town,http://www.mtvernonme.org/,,,,,Kennebec
,Oakland,town,http://www.oaklandmaine.us/,,,,,Kennebec
,Pittston,election,https://www.pittstonmaine.org/index.asp?SEC=818A26C9-10C8-49E9-8BD1-801ED9DA4F23&Type=B_BASIC,,,,,Kennebec
,Randolph,election,https://www.randolphmaine.org/index.asp?SEC=0D417703-B12A-45DC-93E0-C12009065FCB&Type=B_BASIC,,,,,Kennebec
,Readfield,election,https://www.readfieldmaine.org/votingelectionstown-mtg,,,,,Kennebec
,Rome,election,https://romemaine.com/departments/clerk/,,,,,Kennebec
,Sidney,election,https://www.sidneymaine.org/index.php/town-business/elections-voting-information.html,,,,,Kennebec
,Vassalboro,town,http://www.vassalboro.net,,,,,Kennebec
,Vienna,town,http://www.viennamaine.org,,,,,Kennebec
,Waterville,election,http://www.waterville-me.gov/clerk/march-13-2018-special-municipal-election/,,,,,Kennebec
,Wayne,election,https://www.waynemaine.org/index.asp?SEC=43D7D0BA-39F4-4F39-9A5A-7E6A6771A5F0&Type=B_LIST,,,,,Kennebec
,West Gardiner,election,https://www.westgardinermaine.org/index.asp?SEC=0179D3F9-2CBC-49BF-890C-7999303630A9&Type=B_BASIC,,,,,Kennebec
,Windsor,town,http://windsor.maine.gov/,,,,,Kennebec
,Winslow,town,http://www.winslow-me.gov/,,,,,Kennebec
,Winthrop,election,https://www.winthropmaine.org/town-clerk/pages/voting-election-information,,,,,Kennebec
Knox,,county,https://www.knoxcountymaine.gov/,,,,,Knox
,Appleton,town,https://appleton.maine.gov/,,,,,Knox
,Camden,town,https://www.camdenmaine.gov/news_detail_T50_R28.php,,,,,Knox
,Cushing,town,https://www.cushing.maine.gov/,,,,,Knox
,Friendship,contact info,https://www.maine.gov/local/town.php?t=Friendship,,,,,Knox
,Hope,election,https://hopemaine.org/index.asp?SEC=3D9632EA-DA8B-4BF6-8FD2-71338EC515FE&Type=B_BASIC,,,,,Knox
,Isle Au Haut,town,http://www.isleauhautmaine.us/,,,,,Knox
,Matinicus Isle Plantation,town,https://matinicusplantation.com/election-information/,,,,,Knox
,North Haven,town,http://www.northhavenmaine.org/,,,,,Knox
,Owls Head,town,https://www.owlshead.maine.gov/government/elections-information/,,,,,Knox
,Rockland,election,https://rocklandmaine.gov/municipal/departments/clerks-office/voting/,,,,,Knox
,Rockport,election,https://www.town.rockport.me.us/index.asp?Type=B_BASIC&SEC={A71530A6-2667-4219-A5D1-3C8166C708E7},,,,,Knox
,South Thomaston,town,https://souththomaston.me/voting-and-elections/,,,,,Knox
,St. George,election,https://www.stgeorgemaine.com/elections,,,,,Knox
,Thomaston,town,https://thomastonmaine.gov/index.asp?SEC=126CAC0D-8642-4F02-8010-5BB0C1D51B6A,,,,,Knox
,Union,election,https://www.union.maine.gov/index.asp?SEC=0CE95965-3E88-49A6-8457-30093F663D27&Type=B_BASIC,,,,,Knox
,Vinalhaven,election,https://www.townofvinalhaven.org/home/news/voting-information-november-3-2020-general-election,,,,,Knox
,Warren,election,https://warrenmaine.org/index.asp?SEC=9A16E126-423D-4173-BA38-89BF24884BF9,,,,,Knox
,Washington,town,https://www.washington.maine.gov/,,,,,Knox
Lincoln,,county,https://www.lincolncountymaine.me/#!,,,,,Lincoln
,Alna,town,https://www.alna.maine.gov/,,,,,Lincoln
,Boothbay,town,https://www.townofboothbay.org/,,,,,Lincoln
,Boothbay Harbor,town,https://www.boothbayharbor.org/,,,,,Lincoln
,Bremen,town,http://www.bremenmaine.org/,,,,,Lincoln
,Bristol,election,https://www.bristolmaine.org/town-clerk/pages/elections,Town Hall - to the left of the front door,,,,Lincoln
,Damariscotta,election,https://www.damariscottame.com/town-clerk/pages/elections,,,,,Lincoln
,Dresden,election,https://www.townofdresden.com/election-info.html,,,,,Lincoln
,Edgecomb,town,https://edgecomb.org/,,Town Warrant (Oct 15),,,Lincoln
,Jefferson,election,https://jeffersonmaine.org/election-information/,,,,,Lincoln
,Monhegan Island Plantation,town,http://www.monheganplantation.com/,,,,,Lincoln
,Newcastle,election,https://www.newcastlemaine.us/government/election-information/,,,,,Lincoln
,Nobleboro,town,https://www.nobleboro.maine.gov/,,,,,Lincoln
,Somerville,town,https://www.somervillemaine.org/home,,,,,Lincoln
,South Bristol,town,https://www.townofsouthbristol.com/,,,,,Lincoln
,Southport,election,https://www.townofsouthport.org/elections,,,,,Lincoln
,Waldoboro,election,https://www.waldoboromaine.org/departments/town_clerk/voting_information/index.php,,,,,Lincoln
,Westport Island,election,http://westportisland.us/government/voter-registration,,,,,Lincoln
,Whitefield,election,https://townofwhitefield.com/election-information/,,,,,Lincoln
,Wiscasset,election,http://www.wiscasset.org/departments/town-clerk-and-elections,,,,,Lincoln
Oxford,,county,https://www.oxfordcounty.org/,,,,,Oxford
,Andover,town,https://www.andovermaine.org/,,,,,Oxford
,Bethel,election,https://www.bethelmaine.org/2181/Voter-Registration,,,,,Oxford
,Brownfield,town,http://www.brownfieldmaine.org/,,Town Warrant (Oct 21),,,Oxford
,Buckfield,town,https://www.townofbuckfield.com,,Referendum (Oct 6),,,Oxford
,Byron,Facebook,https://www.facebook.com/Town-of-Byron-Maine-559875007809068/,,,,,Oxford
,Canton,Facebook,https://www.facebook.com/cantonmaine,,,,,Oxford
,Denmark,election,https://www.denmarkmaine.org/index.asp?Type=B_BASIC&SEC={71AE01AE-D71C-4B94-ABEF-6BE5F6008049},,,,,Oxford
,Dixfield,town,https://dixfield.org/,,,,,Oxford
,Fryeburg,town,http://www.fryeburgmaine.org/,,,,,Oxford
,Gilead,Facebook,https://www.facebook.com/pages/category/Government-Organization/Gilead-Town-Office-614214438918965/,,,,,Oxford
,Greenwood,town,http://www.greenwoodmaine.org/,,,,,Oxford
,Hanover,town,http://hanoverme.org/,,,,,Oxford
,Hartford,town,https://httphartfordmaine.org/,,,,,Oxford
,Hebron,election,https://hebronmaine.org/index.asp?SEC=BFFFF77E-BF4B-490E-BCAC-8E7052666D19&Type=B_LIST,,,,,Oxford
,Hiram,election,https://townofhiram.org/elections,,Looking for a new polling location with higher capacity,,,Oxford
,Lincoln Plantation,contact info,https://www.maine.gov/local/town.php?t=Lincoln%20Plt,,,,,Oxford
,Lovell,town,http://www.lovellmaine.org/,,,,,Oxford
,Magalloway Plantation,Facebook,https://www.facebook.com/pages/Magalloway-Plantation-Maine/109272282425174,,,,,Oxford
,Mason Township,(Oxford County unorganized territories),https://www.oxfordcounty.org/unorg-territory,,,,,Oxford
,Mexico,town,http://www.mexicomaine.net/,,,,,Oxford
,Milton Township,(Oxford County unorganized territories),https://www.oxfordcounty.org/unorg-territory,,,,,Oxford
,Newry,town,https://newrymaine.org/,,,,,Oxford
,North Oxford Unorganized Territories,(Oxford County unorganized territories),https://www.oxfordcounty.org/unorg-territory,,,,,Oxford
,Norway,election,https://norwaymaine.com/votingelections-2/,,,,,Oxford
,Otisfield,election,https://www.otisfieldme.gov/town-clerk/pages/voting-election-information,,,,,Oxford
,Oxford,election,https://oxfordmaine.org/how-do-i/elections/,Town Office,,,,Oxford
,Paris,town,https://www.parismaine.org/,,,,,Oxford
,Peru,contact info,https://www.maine.gov/local/town.php?t=Peru,,,,,Oxford
,Porter,election,https://portermaine.org/voter-reg-%26-elections,,,,,Oxford
,Roxbury,town,http://www.roxburymaine.com/index.php,,,,,Oxford
,Rumford,town,http://www.rumfordme.org/,,,,,Oxford
,South Oxford Unorganized Territory,Facebook,https://www.facebook.com/pages/South-Oxford-Maine/139309962754460,,,,,Oxford
,Stoneham,town,https://stoneham-maine.com/,,,,,Oxford
,Stow,town,https://www.stowmaine.us/#!,,,,,Oxford
,Sumner,town,http://www.sumnermaine.us,,,,,Oxford
,Sweden,election,https://swedenmaine.org/voter-registration/,,,,,Oxford
,Upton,contact info,https://www.maine.gov/local/town.php?t=Upton,,,,,Oxford
,Waterford,election,https://waterfordme.org/TownClerk/Vote.php,,,,,Oxford
,West Paris,election,https://www.westparisme.com/index.asp?SEC=19147DB6-D2B4-46FE-8C61-8385CF9880BD,,,,,Oxford
,Woodstock,town,http://woodstockmaine.net/,,,,,Oxford
Penobscot,,county,https://www.penobscot-county.net/#!,,,,,Penobscot
,Alton,Facebook,https://www.facebook.com/Town-of-Alton-321335587904880/,,,,,Penobscot
,Argyle,(Penobscot County unorganized territories),https://www.ut.penobscot-county.net/,,,,,Penobscot
,Bangor,election,https://www.bangormaine.gov/election,City Hall,,,,Penobscot
,Bradford,town,http://www.bradfordmaine.org,,,,,Penobscot
,Bradley,election,http://www.townofbradley.net/voter-information/4592109537,,,,,Penobscot
,Brewer,election,http://brewermaine.gov/city-clerk/register-vote/,,,,,Penobscot
,Burlington,town,http://www.burlingtonme.com/,,,,,Penobscot
,Carmel,town,http://www.townofcarmel.org/,,,,,Penobscot
,Carroll Plantation,Facebook,https://www.facebook.com/pages/Carroll-Plantation-Town-Offices/1504687936419080,,,,,Penobscot
,Cedar Lake Township,(Penobscot County unorganized territories),https://www.ut.penobscot-county.net/,,,,,Penobscot
,Charleston,town,http://www.charlestonmaine.com/,,,,,Penobscot
,Chester,contact info,https://www.maine.gov/local/town.php?t=Chester,,,,,Penobscot
,Clifton,town,https://cliftonme.com/,,,,,Penobscot
,Corinna,election,https://corinna.govoffice.com/index.asp?SEC=E47FF968-670B-444E-A6C7-0BCFCAAA3ADA&Type=B_BASIC,,,,,Penobscot
,Corinth,election,https://www.townofcorinth.com/voting-elections,,,,,Penobscot
,Dexter,town,http://www.dextermaine.org/,,,,,Penobscot
,Dixmont,town,https://www.townofdixmont.org/,,,,,Penobscot
,Drew Plantation,Facebook,https://www.facebook.com/pages/Drew-Plantation-Town-Office/260577274122319,,,,,Penobscot
,East Millinocket,town,https://www.eastmillinocket.org/default.aspx,,,,,Penobscot
,Eddington,town,http://www.eddingtonmaine.gov,,,,,Penobscot
,Edinburg,contact info,https://www.maine.gov/local/town.php?t=Edinburg,,,,,Penobscot
,Enfield,town,https://townofenfieldmaine.org/,,,,,Penobscot
,Etna,town,https://sites.google.com/site/townofetna/,,,,,Penobscot
,Exeter,town,http://www.townofexetermaine.com/,,,,,Penobscot
,Garland,town,https://www.garlandmaine.net/,,,,,Penobscot
,Glenburn,election,https://www.glenburn.org/index.asp?Type=B_BASIC&SEC={7E74E00E-6642-419F-A2B2-CE346E84470F},,,,,Penobscot
,Grand Falls,(Penobscot County unorganized territories),https://www.ut.penobscot-county.net/,,,,,Penobscot
,Greenbush,election,http://www.townofgreenbushmaine.org/elections_and_voting.html,,Municipal Election,,,Penobscot
,Greenfield,(Penobscot County unorganized territories),https://www.ut.penobscot-county.net/,,,,,Penobscot
,Grindstone,(Penobscot County unorganized territories),https://www.ut.penobscot-county.net/,,,,,Penobscot
,Hampden,town,http://www.hampdenmaine.com/,,,,,Penobscot
,Hermon,election,https://www.hermon.net/town-government/election-town-meeting/,,,,,Penobscot
,Herseytown,(Penobscot County unorganized territories),https://www.ut.penobscot-county.net/,,,,,Penobscot
,Holden,town,http://www.holdenmaine.com/,,,,,Penobscot
,Hopkins Academy Grant,(Penobscot County unorganized territories),https://www.ut.penobscot-county.net/,,,,,Penobscot
,Howland,election,https://www.howlandmaine.com/index.asp?SEC=0BD100EB-60B8-4A8E-BBE5-EB92F5DD1098,,,,,Penobscot
,Hudson,town,hudsonmaine.wordpress.com,,,,,Penobscot
,Indian Island,tribe,https://www.penobscotnation.org/,,,,,Penobscot
,Indian Ourchase 4,(Penobscot County unorganized territories),https://www.ut.penobscot-county.net/,,,,,Penobscot
,Indian Purchase 3,(Penobscot County unorganized territories),https://www.ut.penobscot-county.net/,,,,,Penobscot
,Kenduskeag,contact info,https://www.maine.gov/local/town.php?t=Kenduskeag,,,,,Penobscot
,Kingman,(Penobscot County unorganized territories),https://www.ut.penobscot-county.net/,,,,,Penobscot
,Lagrange,town,https://www.lagrangeme.com/,,,,,Penobscot
,Lakeville,contact info,https://www.maine.gov/local/town.php?t=Lakeville,,,,,Penobscot
,Lee,Facebook,https://www.facebook.com/Town-of-Lee-432149760230928/,,,,,Penobscot
,Levant,town,http://townoflevant.net/,,,,,Penobscot
,Lincoln,town,https://lincolnmaine.org/,Town Office,,,,Penobscot
,Long A,(Penobscot County unorganized territories),https://www.ut.penobscot-county.net/,,,,,Penobscot
,Lowell,Facebook,https://www.facebook.com/pages/category/Government-Organization/Town-of-Lowell-Maine-1938921983015278/,,,,,Penobscot
,Mattamiscontis,(Penobscot County unorganized territories),https://www.ut.penobscot-county.net/,,,,,Penobscot
,Mattawamkeag,Facebook,https://www.facebook.com/pages/Town-of-Mattawamkeag/119176698133775,,,,,Penobscot
,Maxfield,contact info,https://www.maine.gov/local/town.php?t=Maxfield,,,,,Penobscot
,Medway,town,https://www.medwaymaine.org/,,,,,Penobscot
,Milford,town,http://www.milfordmaine.org/,,,,,Penobscot
,Millinocket,election,https://millinocket.org/government/public-notices/,,,,,Penobscot
,Mount Chase,Facebook,https://www.facebook.com/pages/category/Community/Mt-Chase-Maine-279593082200069/,,,,,Penobscot
,Newburgh,town,http://newburghmaine.ipage.com/,,,,,Penobscot
,Newport,town,http://www.newportmaine.org/,,,,,Penobscot
,Old Town,election,http://www.old-town.org/2014/04/elections.html,,Municipal Election,,,Penobscot
,Orono,election,http://www.orono.org/304/Elections-Voting,,,,,Penobscot
,Orrington,election,https://orrington.govoffice.com/index.asp?SEC=AE8FA375-F621-43CF-8569-5ED6E3BC7317&Type=B_BASIC,,,,,Penobscot
,Passadumkeag,town,https://passadumkeagmaine.org/,,,,,Penobscot
,Patten,town,http://www.pattenmaine.org,,,,,Penobscot
,Plymouth,election,http://www.townofplymouthmaine.com/Town-Clerk-s-Office.html,,,,,Penobscot
,Prentiss,(Penobscot County unorganized territories),https://www.ut.penobscot-county.net/,,,,,Penobscot
,Pukakon,(Penobscot County unorganized territories),https://www.ut.penobscot-county.net/,,,,,Penobscot
,Seboeis Plantation,contact info,https://www.maine.gov/local/town.php?t=Seboeis%20Plt,,,,,Penobscot
,Soldiertown,(Penobscot County unorganized territories),https://www.ut.penobscot-county.net/,,,,,Penobscot
,Springfield,town,https://springfieldmaine.weebly.com/,,,,,Penobscot
,Stacyville,Facebook,https://www.facebook.com/pages/Town-of-Stacyville/135924309789703,,,,,Penobscot
,Stetson,town,http://www.stetsonmaine.net/,,Selectperson,,,Penobscot
,Summit,(Penobscot County unorganized territories),https://www.ut.penobscot-county.net/,,,,,Penobscot
,T1 R6 WELS,(Penobscot County unorganized territories),https://www.ut.penobscot-county.net/,,,,,Penobscot
,T1 R8 WELS,(Penobscot County unorganized territories),https://www.ut.penobscot-county.net/,,,,,Penobscot
,T2 R8 NWP,(Penobscot County unorganized territories),https://www.ut.penobscot-county.net/,,,,,Penobscot
,T2 R8 WELS,(Penobscot County unorganized territories),https://www.ut.penobscot-county.net/,,,,,Penobscot
,T2 R9 NWP,(Penobscot County unorganized territories),https://www.ut.penobscot-county.net/,,,,,Penobscot
,T3 R1 NBPP,(Penobscot County unorganized territories),https://www.ut.penobscot-county.net/,,,,,Penobscot
,T3 R7 WELS,(Penobscot County unorganized territories),https://www.ut.penobscot-county.net/,,,,,Penobscot
,T3 R8 WELS,(Penobscot County unorganized territories),https://www.ut.penobscot-county.net/,,,,,Penobscot
,T4 R7 WELS,(Penobscot County unorganized territories),https://www.ut.penobscot-county.net/,,,,,Penobscot
,T4 R8 WELS,(Penobscot County unorganized territories),https://www.ut.penobscot-county.net/,,,,,Penobscot
,T5 R7 WELS,(Penobscot County unorganized territories),https://www.ut.penobscot-county.net/,,,,,Penobscot
,T5 R8 WELS,(Penobscot County unorganized territories),https://www.ut.penobscot-county.net/,,,,,Penobscot
,T6 R6 WELS,(Penobscot County unorganized territories),https://www.ut.penobscot-county.net/,,,,,Penobscot
,T6 R7 WELS,(Penobscot County unorganized territories),https://www.ut.penobscot-county.net/,,,,,Penobscot
,T6 R8 WELS,(Penobscot County unorganized territories),https://www.ut.penobscot-county.net/,,,,,Penobscot
,T7 R6 WELS,(Penobscot County unorganized territories),https://www.ut.penobscot-county.net/,,,,,Penobscot
,T7 R7 WELS,(Penobscot County unorganized territories),https://www.ut.penobscot-county.net/,,,,,Penobscot
,T7 R8 WELS,(Penobscot County unorganized territories),https://www.ut.penobscot-county.net/,,,,,Penobscot
,T8 R6 WELS,(Penobscot County unorganized territories),https://www.ut.penobscot-county.net/,,,,,Penobscot
,T8 R7 WELS,(Penobscot County unorganized territories),https://www.ut.penobscot-county.net/,,,,,Penobscot
,T8 R8 WELS,(Penobscot County unorganized territories),https://www.ut.penobscot-county.net/,,,,,Penobscot
,TA R7 WELS,(Penobscot County unorganized territories),https://www.ut.penobscot-county.net/,,,,,Penobscot
,Veazie,election,https://www.veazie.net/town-clerk/pages/voting-elections,,,,,Penobscot
,Veazie Gore,(Penobscot County unorganized territories),https://www.ut.penobscot-county.net/,,,,,Penobscot
,Webster Plantation,contact info,https://www.maine.gov/local/town.php?t=Webster%20Plt,,,,,Penobscot
,Winn,town,https://winnmaine.com/index.html,,,,,Penobscot
,Woodville,Facebook,https://www.facebook.com/ResidencesofWoodville/,,,,,Penobscot
Piscataquis,,county,https://www.piscataquis.us/,,,,,Piscataquis
,Abbot,Facebook,https://www.facebook.com/Town-of-Abbot-Maine-433075913559730/,,,,,Piscataquis
,Atkinson,contact info,https://www.maine.gov/local/town.php?t=Atkinson,,,,,Piscataquis
,Beaver Cove,town,http://www.beavercoveme.com/,,,,,Piscataquis
,Bowerbank,town,http://bowerbank.trcmaine.org/,,,,,Piscataquis
,Brownville,town,http://brownville.trcmaine.org/,,,,,Piscataquis
,Dover-Foxcroft,election,https://dover-foxcroft.org/index.asp?SEC=7C1A7B17-8A72-43D5-AD67-3BC308535303&Type=B_BASIC,,,,,Piscataquis
,Greenville,election,https://greenvilleme.com/town-office/,,,,,Piscataquis
,Guilford,election,https://townofguilford.com/departments/town-office/voter-registration-election-information/,,,,,Piscataquis
,Kingsbury Plantation,contact info,https://www.maine.gov/local/town.php?t=Kingsbury%20Plt,,,,,Piscataquis
,Lake View Plantation,town,https://www.trcmaine.org/lakeview,,,,,Piscataquis
,Medford,town,http://medford.trcmaine.org/,,,,,Piscataquis
,Milo,town,https://www.milomaine.org/index.asp?SEC=9DD3DC47-8FB4-4CC4-9D08-7830CB8C51E3&Type=B_BASIC,,,,,Piscataquis
,Monson,town,http://monsonmaine.org/,,,,,Piscataquis
,Parkman,town,http://parkmanmaine.com/,,,,,Piscataquis
,Sangerville,town,https://sangervilleme.com/,,,,,Piscataquis
,Sebec,town,http://townofsebec.com/index.html,,,,,Piscataquis
,Shirley,town,https://sites.google.com/site/townofshirleymaine/,,,,,Piscataquis
,Wellington,contact info,https://www.maine.gov/local/town.php?t=Wellington,,,,,Piscataquis
,Willimantic,contact info,https://www.maine.gov/local/town.php?t=Willimantic,,,,,Piscataquis
Sagadahoc,,county,http://sagcounty.com/,,,,,Sagadahoc
,Arrowsic,election,http://www.arrowsic.org/clerk_page.html#elections,,,,,Sagadahoc
,Bath,election,http://www.cityofbath.com/Elections/,City Hall,,,,Sagadahoc
,Bowdoin,town,https://bowdoinme.com/,,,,,Sagadahoc
,Bowdoinham,election,https://www.bowdoinham.com/elections,,,,,Sagadahoc
,Georgetown,town,http://www.georgetownme.com/,,,,,Sagadahoc
,Perkins Township (Swan Island),(Sagadahoc County unorganized terrorities),http://www.richmondmaine.com/swan-island-info-richmond-maine.aspx,,,,,Sagadahoc
,Phippsburg,town,https://phippsburg.com/,,,,,Sagadahoc
,Richmond,town,http://www.richmondmaine.com/default.aspx,,Land use ordinances,,,Sagadahoc
,Topsham,election,https://www.topshammaine.com/?SEC=5F5D9F59-DAB4-4BCD-9A94-D793724D801F,Town Hall - parking lot,"Selectmen, school board",,,Sagadahoc
,West Bath,election,https://www.westbath.org/index.asp?SEC=8D961DE8-3900-40C4-A383-E0D71EB1D163&Type=B_BASIC,,,,,Sagadahoc
,Woolwich,town,http://www.woolwich.us/,,,,,Sagadahoc
Somerset,,county,https://www.somersetcounty-me.org/,,,,,Somerset
,Anson,town,https://ansonmaine.town/,,,,,Somerset
,Athens,town,https://www.athens.maine.gov/,,,,,Somerset
,Bingham,town,http://www.binghammaine.org/,,,,,Somerset
,Brighton Plantation,contact info,https://www.maine.gov/local/town.php?t=Brighton%20Plt,,,,,Somerset
,Cambridge,town,http://cambridgemaine.com/,,,,,Somerset
,Canaan,town,https://townofcanaan.com/,,,,,Somerset
,Caratunk,Facebook,https://www.facebook.com/caratunk/,,,,,Somerset
,Cornville,contact info,https://www.maine.gov/local/town.php?t=Cornville,,,,,Somerset
,Dennistown Plantation,contact info,https://www.maine.gov/local/town.php?t=Dennistown%20Plt,,,,,Somerset
,Detroit,Facebook,https://www.facebook.com/TownofDetroitMaine/?rf=863282867033273,,,,,Somerset
,Embden,town,http://embden.maine.gov/,,,,,Somerset
,Fairfield,election,http://www.fairfieldme.com/town/visitors.php/public-notices/Elections,Town Office,,,,Somerset
,Harmony,Facebook,https://www.facebook.com/permalink.php?id=201376573099&story_fbid=10156041066013100,,,,,Somerset
,Hartland,election,https://www.townofhartlandme.com/index.asp?Type=B_BASIC&SEC={27B1D3E0-CAB4-4C58-8AD5-68869CE07D25}&DE={3C08D6FB-91EB-42EB-BCFE-8A999687BBEA},,,,,Somerset
,Highland Plantation,contact info,https://www.maine.gov/local/town.php?t=Highland%20Plt,,,,,somerset
,Jackman,town,https://jackmanme.net,,,,,Somerset
,Madison,town,http://www.madisonmaine.com/,,,,,Somerset
,Mercer,election,https://mercerme.webs.com/town-clerk,,,,,Somerset
,Moose River,contact info,https://www.maine.gov/local/town.php?t=Moose%20River,,,,,Somerset
,Moscow,town,http://home.myfairpoint.net/~DBeane,,,,,Somerset
,New Portland,town,http://www.newportlandmaine.org,,,,,Somerset
,Norridgewock,election,http://www.townofnorridgewock.com/vote.html,,,,,Somerset
,Palmyra,town,http://www.palmyratown.org/Town_of_Palmyra/Welcome.html,,,,,Somerset
,Pittsfield,town,http://www.pittsfield.org/,,,,,Somerset
,Pleasant Ridge Plantation,contact info,https://www.maine.gov/local/town.php?t=Pleasant%20Ridge%20Plt,,,,,Somerset
,Ripley,contact info,https://www.maine.gov/local/town.php?t=Ripley,,,,,Somerset
,Skowhegan,election,https://www.skowhegan.org/148/Elections,,Selectman,,,Somerset
,Smithfield,town,http://www.smithfieldmaine.us/,,,,,Somerset
,Solon,election,https://solon.maine.gov/index.asp?SEC=83802050-C7ED-4305-80F3-E6D9A4910D3D,,,,,Somerset
,St. Albans,town,https://stalbansme.govoffice2.com/,,,,,Somerset
,Starks,town,http://www.starksme.com/,,,,,Somerset
,The Forks Plantation,contact info,https://www.maine.gov/local/town.php?t=The%20Forks%20Plt,,,,,Somerset
,West Forks Plantation,contact info,https://www.maine.gov/local/town.php?t=West%20Forks%20Plt,,,,,Somerset
Waldo,,county,https://www.waldocountyme.gov/,,,,,Waldo
,Belfast,election,https://www.cityofbelfast.org/117/Voting-Information,City Hall by High Street entrance,,,,Waldo
,Belmont,election,https://belmontme.org/index.asp?SEC=91BA42CD-0736-47C1-A225-3E5A9ABD8E59,,,,,Waldo
,Brooks,election,https://brooks.govoffice2.com/index.asp?SEC=C5AE112D-6771-4883-A6B5-D64388CABDC6&Type=B_BASIC,,,,,Waldo
,Burnham,contact info,https://www.maine.gov/local/town.php?t=Burnham,,,,,Waldo
,Frankfort,election,https://www.frankfortme.com/town-office/elections-and-voting-annual-town-elections-meeting-state-elections-voter-registration-absentee-voting/,,,,,Waldo
,Freedom,town,https://www.freedomme.org/Ddata.htm,,,,,Waldo
,Islesboro,town,http://townofislesboro.com/town-office/,,,,,Waldo
,Jackson,town,http://www.jacksonmaine.net/home,,,,,Waldo
,Knox,town,http://knoxmaine.com/,,,,,Waldo
,Liberty,town,http://www.libertymaine.us/,,,,,Waldo
,Lincolnville,election,https://www.town.lincolnville.me.us/index.asp?Type=B_BASIC&SEC={16A09510-61D4-4B52-9C77-CA97DC839854},,,,,Waldo
,Monroe,town,https://townofmonroe.me/,,,,,Waldo
,Montville,town,http://montvillemaine.org,Town Office porch,,,,Waldo
,Morrill,town,https://www.morrillme.org/,,,,,Waldo
,Northport,election,http://www.northportmaine.org/content/4094/Elections_and_Voter_Registrations/,,,,,Waldo
,Palermo,election,http://www.townofpalermo.org/town-government/election-information,,,,,Waldo
,Prospect,election,http://www.prospectmaine.org/elections---voting.html,,,,,Waldo
,Searsmont,election,https://searsmont.com/index.asp?SEC=9E5C7A14-4412-465D-BC99-8AF27119B059&Type=B_BASIC,,,,,Waldo
,Searsport,town,http://searsport.maine.gov/,,,,,Waldo
,Stockton Springs,town,http://www.stocktonsprings.org/,,,,,Waldo
,Swanville,contact info,https://www.maine.gov/local/town.php?t=Swanville,,,,,Waldo
,Thorndike,election,https://thorndikeme.com/index.asp?SEC=D42E5C62-C8F2-412D-B91D-13F3D6B81396,,,,,Waldo
,Troy,town,https://troymainelocalnews.com/,,,,,Waldo
,Unity,town,https://unityme.org/,,,,,Waldo
,Waldo,town,http://www.townofwaldo.com/,,,,,Waldo
,Winterport,town,https://www.winterportmaine.gov/,,,,,Waldo
Washington,,county,http://washingtoncountymaine.com/,,,,,Washington
,Addison,town,http://www.addisonmaine.org/,,,,,Washington
,Alexander,town,http://www.alexandermaine.com/,,,,,Washington
,Baileyville,town,http://baileyvillemaine.com/,,,,,Washington
,Beals,contact info,https://www.maine.gov/local/town.php?t=Beals,,,,,Washington
,Beddington,town,https://www.emainehosting.com/BeddingtonMaine/,,,,,Washington
,Calais,election,https://www.calaismaine.org/voting/,,,,,Washington
,Charlotte,contact info,https://www.maine.gov/local/town.php?t=Charlotte,,,,,Washington
,Cherryfield,town,http://www.cherryfieldmaine.us/town-information/,,,,,Washington
,Codyville Plantation,contact info,https://www.maine.gov/local/town.php?t=Codyville%20Plt,,,,,Washington
,Columbia,Facebook,https://www.facebook.com/Columbia-Maine-750525565066405/,,,,,Washington
,Columbia Falls,Facebook,https://www.facebook.com/columbiafallsme/,,,,,Washington
,Cooper,election,https://www.coopermaine.com/elections.html,,,,,Washington
,Crawford,contact info,https://www.maine.gov/local/town.php?t=Crawford,,,,,Washington
,Cutler,town,https://www.cutlermaine.net/,,,,,Washington
,Danforth,town,http://townofdanforthmaine.com/,,,,,Washington
,Deblois,contact info,https://www.maine.gov/local/town.php?t=Deblois,,,,,Washington
,Dennysville,contact info,https://www.maine.gov/local/town.php?t=Dennysville,,,,,Washington
,East Machias,Facebook,https://www.facebook.com/eastmachias/,,,,,Washington
,Eastport,election,https://www.eastport-me.gov/city-clerks-office/pages/elections-voting-information,,,,,Washington
,Grand Lake Stream Plantation,contact info,https://www.maine.gov/local/town.php?t=Grand%20Lake%20Stream%20Plt,,,,,Washington
,Harrington,town,https://www.harringtonmaine.com/,,,,,Washington
,Indian Township Reservation,tribe,https://www.passamaquoddy.com/?page_id=492,,,,,Washington
,Jonesboro,Facebook,https://www.facebook.com/TownofJonesboroMaine/?rf=1693839290858783,,,,,Washington
,Jonesport,election,https://www.townofjonesport.com/office/voter-info.php,,,,,Washington
,Lubec,town,https://townoflubec.com/,,,,,Washington
,Machias,election,https://machiasme.org/departments-staff/town-clerk/election-services/,,,,,Washington
,Machiasport,town,https://machiasport.org/,,,,,Washington
,Marshfield,town,https://www.marshfieldme.org/,,,,,Washington
,Meddybemps,contact info,https://www.maine.gov/local/town.php?t=Meddybemps,,,,,Washington
,Milbridge,town,https://townofmilbridge.webs.com/,,,,,Washington
,Northfield,town,https://www.northfieldme.com/,,,,,Washington
,Pembroke,town,http://www.pembrokemaine.org/,,,,,Washington
,Perry,town,http://www.perrymaine.org,,,,,Washington
,Pleasant Point Reservation,tribe,https://www.passamaquoddy.com/?page_id=492,,,,,Washington
,Princeton,Facebook,https://www.facebook.com/PrincetonMaine/,,,,,Washington
,Robbinston,town,http://townofrobbinston.org/,,,,,Washington
,Roque Bluffs,contact info,https://www.maine.gov/local/town.php?t=Roque%20Bluffs,,,,,Washington
,Steuben,town,http://steubenme.com/,,,,,Washington
,Talmadge,contact info,https://www.maine.gov/local/town.php?t=Talmadge,,,,,Washington
,Topsfield,contact info,https://www.maine.gov/local/town.php?t=Topsfield,,,,,Washington
,Vanceboro,contact info,https://www.maine.gov/local/town.php?t=Vanceboro,,,,,Washington
,Waite,Facebook,https://www.facebook.com/townofwaiteme/,,,,,Washington
,Wesley,town,http://sites.google.com/site/wesleyevents/wesley-community-events,,,,,Washington
,Whiting,town,https://www.whitingmaine.com/,,,,,Washington
,Whitneyville,town,http://www.whitneyvilleme.com,,,,,Washington
York,,county,https://www.yorkcountymaine.gov/,,,,,York
,Acton,election,http://www.actonmaine.org/WarrantsElectionResults.cfm,,,,,York
,Alfred,election,http://www.alfredme.gov/departments/town_clerk/elections.php,,,,,York
,Arundel,town,http://www.arundelmaine.org,,,,,York
,Berwick,election,https://www.berwickmaine.org/government/town_clerk/elections.php,,,,,York
,Biddeford,election,https://www.biddefordmaine.org/2170/Election-Information,,,,,York
,Buxton,election,https://www.buxton.me.us/town-clerk/pages/voting-elections,,,,,York
,Cornish,town,http://cornishme.com,,,,,York
,Dayton,town,http://www.dayton-me.gov,,,,,York
,Eliot,election,https://www.eliotmaine.org/2020-election-info,Town Office,,,,York
,Hollis,election,https://www.hollismaine.org/town-clerk/pages/elections,,,,,York
,Kennebunk,election,https://www.kennebunkmaine.us/444/Election-and-Town-Meeting-Information,,,,,York
,Kennebunkport,election,https://www.kennebunkportme.gov/town-clerk/pages/elections-and-voting,,,,,York
,Kittery,election,http://www.kitteryme.gov/town-clerk/pages/voting-elections,,,,,York
,Lebanon,election,https://www.lebanon-me.org/town-clerk-tax-collector/pages/election-information,,,,,York
,Limerick,town,http://www.limerickme.org/index.html,,,,,York
,Limington,town,http://www.limington.net/,No,,,,York
,Lyman,election,http://lyman-me.gov/town-clerk/,,,,,York
,Newfield,election,https://newfieldme.org/departments/registrar-of-voters/,,,,,York
,North Berwick,town,http://www.townofnorthberwick.org/,,,,,York
,Ogunquit,town,http://www.townofogunquit.org,,,,,York
,Old Orchard Beach,election,https://www.oobmaine.com/town-clerk/pages/election-informationvoter-registration,,,,,York
,Parsonsfield,town,http://www.parsonsfield.org/,,,,,York
,Saco,election,https://www.sacomaine.org/departments/city_clerk/elections_and_voting.php,,,,,York
,Sanford,election,https://www.sanfordmaine.org/electioninfo,,,,,York
,Shapleigh,town,http://www.shapleigh.net,,,,,York
,South Berwick,election,http://www.southberwickmaine.org/departments/town_clerk/clerk/sample_ballots.php,,,,,York
,Waterboro,election,http://www.waterboro-me.gov/information_center/index.php#elections,,,,,York
,Wells,election,http://www.wellstown.org/440/Town-Meeting-Election-Info,,,,,York
,York,election,https://www.yorkmaine.org/240/Election-Referendum-Documents,,,,,York
