county,city,type,website,drop,ballot,ballot_link,ballot_link_text,sorting_county
Androscoggin,Auburn,election,https://www.auburnmaine.gov/pages/government/election-and-voting,,,,,Androscoggin
Androscoggin,Durham,town,https://www.durhamme.com/,,,,,Androscoggin
Androscoggin,Greene,town,https://www.townofgreene.net/index.php,,,,,Androscoggin
Androscoggin,Leeds,town,https://townofleeds.com/,,,,,Androscoggin
Androscoggin,Lewiston,election,https://www.lewistonmaine.gov/117/Elections,City Hall - Park Street entrance door,,,,Androscoggin
Androscoggin,Lisbon,election,https://www.lisbonmaine.gov/225/Town-Clerk-Elections,Town hall,,,,Androscoggin
Androscoggin,Livermore,town,https://www.livermoremaine.org/,,,,,Androscoggin
Androscoggin,Livermore Falls,election,https://lfme.org/elections/,,,,,Androscoggin
Androscoggin,Mechanic Falls,town,https://www.mechanicfalls.org/,,,,,Androscoggin
Androscoggin,Minot,election,https://minotme.org/index.asp?SEC=8CA67442-D60D-4CCD-B5C0-F0C162FD0658&DE=3DD12AA1-1B1B-4844-AB38-AD2EA80C2324,Town hall main entrance,,,,Androscoggin
Androscoggin,Poland,town,https://www.polandtownoffice.org/,,,,,Androscoggin
Androscoggin,Sabattus,town,https://www.sabattus.org/,,,,,Androscoggin
Androscoggin,Turner,town,https://www.turnermaine.com/,,,,,Androscoggin
Androscoggin,Wales,Facebook,https://www.facebook.com/Town-of-Wales-Maine-105105240896391/,,,,,Androscoggin
Aroostook,Allagash,contact info,http://mainegov-images.informe.org/local/town.php?t=Allagash,,,,,Aroostook
Aroostook,Amity,town,https://townofamity.com/,,,,,Aroostook
Aroostook,Ashland,town,https://townofashland.org/,,,,,Aroostook
Aroostook,Blaine,contact info,http://mainegov-images.informe.org/local/town.php?t=Blaine,,,,,Aroostook
Aroostook,Bridgewater,Facebook,https://www.facebook.com/bridgewatermaine/,,,,,Aroostook
Aroostook,Caribou,election,https://www.cariboumaine.org/elections/,,,,,Aroostook
Aroostook,Cary Plantation,contact info,http://mainegov-images.informe.org/local/town.php?t=Cary%20Plt,,,,,Aroostook
Aroostook,Castle Hill,town,https://mapleton.me/,,,,,Aroostook
Aroostook,Caswell,contact info,http://mainegov-images.informe.org/local/town.php?t=Caswell,,,,,Aroostook
Aroostook,Chapman,town,https://www.mapleton.me/#,,,,,Aroostook
Aroostook,Crystal,contact info,http://mainegov-images.informe.org/local/town.php?t=Crystal,,,,,Aroostook
Aroostook,Cyr Plantation,contact info,http://mainegov-images.informe.org/local/town.php?t=Cyr%20Plt,,,,,Aroostook
Aroostook,Dyer Brook,contact info,http://mainegov-images.informe.org/local/town.php?t=Dyer%20Brook,,,,,Aroostook
Aroostook,Eagle Lake,election,https://www.townofeaglelake.org/registering-to-vote,,,,,Aroostook
Aroostook,Easton,election,https://www.eastonme.com/municipal-departments/elections-voting/,,,,,Aroostook
Aroostook,Fort Fairfield,town,http://www.fortfairfield.org/,,,,,Aroostook
Aroostook,Fort Kent,town,https://www.fortkent.org/,,,,,Aroostook
Aroostook,Frenchville,town,https://www.frenchville.org/,,,,,Aroostook
Aroostook,Garfield Plantation,contact info,http://mainegov-images.informe.org/local/town.php?t=Garfield%20Plt,,,,,Aroostook
Aroostook,Glenwood Plantation,contact info,http://mainegov-images.informe.org/local/town.php?t=Glenwood%20Plt,,,,,Aroostook
Aroostook,Grand Isle,town,https://grandislemaine.com/,,,,,Aroostook
Aroostook,Hamlin,contact info,http://mainegov-images.informe.org/local/town.php?t=Hamlin,,,,,Aroostook
Aroostook,Hammond,contact info,http://mainegov-images.informe.org/local/town.php?t=Hammond,,,,,Aroostook
Aroostook,Haynesville,contact info,http://mainegov-images.informe.org/local/town.php?t=Haynesville,,,,,Aroostook
Aroostook,Hersey,town,https://www.pattenmaine.org/hersey,,,,,Aroostook
Aroostook,Hodgdon,contact info,http://mainegov-images.informe.org/local/town.php?t=Hodgdon,,,,,Aroostook
Aroostook,Houlton,town,https://www.houlton-maine.com/,,,,,Aroostook
Aroostook,Island Falls,town,https://www.islandfallsme.us/,,,,,Aroostook
Aroostook,Limestone,town,http://www.limestonemaine.org/,,,,,Aroostook
Aroostook,Linneus,contact info,http://mainegov-images.informe.org/local/town.php?t=Linneus,,,,,Aroostook
Aroostook,Littleton,Facebook,https://www.facebook.com/pages/Littleton-Town-Office/1065409710159142,,,,,Aroostook
Aroostook,Ludlow,Facebook,https://www.facebook.com/pages/Ludlow-Town-Office/452966878460576,,,,,Aroostook
Aroostook,Macwahoc Plantation,contact info,http://mainegov-images.informe.org/local/town.php?t=Macwahoc%20Plt,,,,,Aroostook
Aroostook,Madawaska,town,https://townofmadawaska.com/,,,,,Aroostook
Aroostook,Mapleton,town,https://www.mapleton.me/#,,,,,Aroostook
Aroostook,Mars Hill,election,https://marshillmaine.org/voter-election-information/,,,,,Aroostook
Aroostook,Masardis,contact info,http://mainegov-images.informe.org/local/town.php?t=Masardis,,,,,Aroostook
Aroostook,Merrill,town,https://merrill.aroostook.me.us/,,,,,Aroostook
Aroostook,Monticello,contact info,http://mainegov-images.informe.org/local/town.php?t=Monticello,,,,,Aroostook
Aroostook,Moro Plantation,town,https://www.pattenmaine.org/moro-plantation,,,,,Aroostook
Aroostook,Nashville Plantation,election,https://www.townofportage.org/town-government/office-personnel/office-of-the-clerk.html,,,,,Aroostook
Aroostook,New Canada,contact info,http://mainegov-images.informe.org/local/town.php?t=New%20Canada,,,,,Aroostook
Aroostook,New Limerick,contact info,http://mainegov-images.informe.org/local/town.php?t=New%20Limerick,,,,,Aroostook
Aroostook,New Sweden,contact info,http://mainegov-images.informe.org/local/town.php?t=New%20Sweden,,,,,Aroostook
Aroostook,Oakfield,town,https://www.oakfieldme.org/,,,,,Aroostook
Aroostook,Orient,town,http://www.orientmaine.org/,,,,,Aroostook
Aroostook,Oxbow Plantation,contact info,http://mainegov-images.informe.org/local/town.php?t=Oxbow%20Plt,,,,,Aroostook
Aroostook,Perham,contact info,http://mainegov-images.informe.org/local/town.php?t=Perham,,,,,Aroostook
Aroostook,Portage Lake,election,https://www.townofportage.org/town-government/office-personnel/office-of-the-clerk.html,,,,,Aroostook
Aroostook,Presque Isle,town,https://presqueislemaine.gov/,,,,,Aroostook
Aroostook,Reed Plantation,contact info,http://mainegov-images.informe.org/local/town.php?t=Reed%20Plt,,,,,Aroostook
Aroostook,Sherman,contact info,http://mainegov-images.informe.org/local/town.php?t=Sherman,,,,,Aroostook
Aroostook,Smyrna,town,https://smyrna.aroostook.me.us/,,,,,Aroostook
Aroostook,St. Agatha,election,https://www.stagatha.com/news-events/town-elections.html,,,,,Aroostook
Aroostook,St. Francis,town,http://stfrancisme.com/,,,,,Aroostook
Aroostook,St. John Plantation,contact info,http://mainegov-images.informe.org/local/town.php?t=Saint%20John%20Plt,,,,,Aroostook
Aroostook,Stockholm,contact info,http://mainegov-images.informe.org/local/town.php?t=Stockholm,,,,,Aroostook
Aroostook,Van Buren,town,https://www.vanburenmaine.com/,,,,,Aroostook
Aroostook,Wade,town,https://www.washburnmaine.org/town-of-wade/,,,,,Aroostook
Aroostook,Wallagrass,Facebook,https://www.facebook.com/townofwallagrass/,,,,,Aroostook
Aroostook,Washburn,election,https://www.washburnmaine.org/municipal-departments/elections-voting/,,,,,Aroostook
Aroostook,Westfield,contact info,http://mainegov-images.informe.org/local/town.php?t=Westfield,,,,,Aroostook
Aroostook,Westmanland,contact info,http://mainegov-images.informe.org/local/town.php?t=Westmanland,,,,,Aroostook
Aroostook,Weston,town,https://townofwestonnet.ipower.com/,,,,,Aroostook
Aroostook,Winterville Plantation,contact info,http://mainegov-images.informe.org/local/town.php?t=Winterville%20Plt,,,,,Aroostook
Aroostook,Woodland,town,https://www.townofwoodland.org/,,,,,Aroostook
Cumberland,Baldwin,town,https://www.baldwinmaine.org/,,,,,Cumberland
Cumberland,Bridgton,election,https://bridgtonmaine.org/elections/,,,,,Cumberland
Cumberland,Brunswick,election,https://www.brunswickme.gov/286/Elections,Town Hall - near front door,,,,Cumberland
Cumberland,Cape Elizabeth,election,https://www.capeelizabeth.com/departments/TownClerkOffice/ElectionsVoting,,,,,Cumberland
Cumberland,Casco,town,https://www.cascomaine.org/,,,,,Cumberland
Cumberland,Chebeague Island,town,https://www.townofchebeagueisland.org/index.asp?SEC=B2029461-C627-4F96-935B-2F581C655FFA&Type=B_BASIC,,,,,Cumberland
Cumberland,Cumberland,election,https://www.cumberlandmaine.com/election,,,,,Cumberland
Cumberland,Falmouth,election,https://www.falmouthme.org/town-clerk/pages/election-information,"Town Hall - in the front, to left of the main entrance",,,,Cumberland
Cumberland,Freeport,election,https://www.freeportmaine.com/231/Elections-Voter-Registration-Services,Town Hall - outside the main entrance at 30 Main Street before Election Day. Ballots returned on Election Day must be returned in person to the high school gym at 30 Holbrook Street.,,,,Cumberland
Cumberland,Frye Island,town,https://www.fryeislandtown.org/,,,,,Cumberland
Cumberland,Gorham,election,https://www.gorham-me.org/town-clerk/pages/election-voting-information,Municipal Center,,,,Cumberland
Cumberland,Gray,election,https://www.graymaine.org/elections,Town Hall - front door,,,,Cumberland
Cumberland,Harpswell,election,https://www.harpswell.maine.gov/index.asp?SEC=49346E07-DA84-4C68-BD02-EAC23C5B5A18&Type=B_BASIC,Town Office - in front,,,,Cumberland
Cumberland,Harrison,election,https://www.harrisonmaine.org/index.asp?SEC=4CAFBDBB-36BE-4517-948F-BA6571E11ADE&DE=84D5F5E9-5D93-49A4-8E88-3F66B3086CB6&Type=B_BASIC,,,,,Cumberland
Cumberland,Long Island,election,https://townoflongisland.us/wp/?page_id=181,,,,,Cumberland
Cumberland,Naples,town,https://www.townofnaples.org/index.asp?SEC=66A4DD28-4C0C-443B-876C-2D418D5B1EAB,,,,,Cumberland
Cumberland,New Gloucester,election,https://www.newgloucester.com/index.asp?Type=B_BASIC&SEC={AB7D0D21-9C89-4C15-9D6F-DE687764863E},,,,,Cumberland
Cumberland,North Yarmouth,election,https://www.northyarmouth.org/town-clerk/pages/elections-voter-registration,Town Office - inside,,,,Cumberland
Cumberland,Portland,election,https://www.portlandmaine.gov/172/Elections-Voting,Merrill Auditorium lobby,,,,Cumberland
Cumberland,Pownal,election,https://www.pownalmaine.org/index.asp?Type=B_LIST&SEC={3290832E-1DCD-43A2-B2C3-331F9445751F},Town Office - inside,,,,Cumberland
Cumberland,Raymond,election,https://www.raymondmaine.org/town-office/voters/elections,,,,,Cumberland
Cumberland,Scarborough,election,https://www.scarboroughmaine.org/departments/town-clerk/elections/,,,,,Cumberland
Cumberland,Sebago,town,https://www.townofsebago.org/,,,,,Cumberland
Cumberland,South Portland,election,https://www.southportland.org/departments/city-clerk/elections-voter-registration/,,,,,Cumberland
Cumberland,Standish,election,https://www.standish.org/town-clerk/pages/election-general-information,,,,,Cumberland
Cumberland,Westbrook,election,https://www.westbrookmaine.com/181/Elections-Voting,In front of City Hall at 2 York Street,,,,Cumberland
Cumberland,Windham,election,https://www.windhammaine.us/125/Voter-Information,,,,,Cumberland
Cumberland,Yarmouth,election,https://yarmouth.me.us/elections,Town Hall or Voting Place - inside,,,,Cumberland
Franklin,Avon,contact info,http://mainegov-images.informe.org/local/town.php?t=Avon,,,,,Franklin
Franklin,Carrabassett Valley,town,https://www.carrabassettvalley.org/,,,,,Franklin
Franklin,Carthage,contact info,http://mainegov-images.informe.org/local/town.php?t=Carthage,,,,,Franklin
Franklin,Chesterville,town,https://www.townofchesterville.me/,,,,,Franklin
Franklin,Coplin Plantation,town,https://www.coplinplantation.maine.gov/,,,,,Franklin
Franklin,Dallas Plantation,election,https://dallasplantation.com/government/voter-registration/,,,,,Franklin
Franklin,Eustis,election,https://eustismaine.org/departments/registrar-of-voters/,,,,,Franklin
Franklin,Farmington,election,https://www.farmington-maine.org/voting-and-elections,,,,,Franklin
Franklin,Industry,town,https://www.townofindustry.com/,,,,,Franklin
Franklin,Jay,town,https://www.jay-maine.org/,,,,,Franklin
Franklin,Kingfield,election,https://www.kingfield.me/1005-2/,,,,,Franklin
Franklin,New Sharon,town,https://www.newsharon.maine.gov/,,,,,Franklin
Franklin,New Vineyard,town,https://www.newvineyardme.org/,,,,,Franklin
Franklin,Phillips,town,https://phillipsmaine.com/,,,,,Franklin
Franklin,Rangeley,election,https://townofrangeley.com/185/Elections-Voter-Registration,,,,,Franklin
Franklin,Rangeley Plantation,contact info,http://mainegov-images.informe.org/local/town.php?t=Rangeley%20Plt,,,,,Franklin
Franklin,Sandy River Plantation,contact info,http://mainegov-images.informe.org/local/town.php?t=Sandy%20River%20Plt,,,,,Franklin
Franklin,Strong,town,https://strong-maine.com/,,,,,Franklin
Franklin,Temple,town,https://townoftemple.org/?fbclid=IwAR3pyJXsu2LQvxIpDx2paoXqPwlFMHMfraJdB9IMHMspf1bhzCWqyWkeaqo,,,,,Franklin
Franklin,Weld,town,https://www.weld-maine.org/,,,,,Franklin
Franklin,Wilton,town,https://wiltonmaine.org/,,,,,Franklin
Hancock,Amherst,town,https://www.amherstme.com/,,,,,Hancock
Hancock,Aurora,contact info,http://mainegov-images.informe.org/local/town.php?t=Aurora,,,,,Hancock
Hancock,Bar Harbor,election,https://www.barharbormaine.gov/130/Elections---General-Info,,,,,Hancock
Hancock,Blue Hill,election,https://bluehillme.gov/town-services/clerk-services/elections-voting/,,,,,Hancock
Hancock,Brooklin,town,https://www.brooklinmaine.com/,,,,,Hancock
Hancock,Brooksville,town,https://www.brooksvillemaine.org/,,,,,Hancock
Hancock,Bucksport,election,https://www.bucksportmaine.gov/services/clerk___registrar_of_voters/elections.php,,,,,Hancock
Hancock,Castine,town,https://castine.me.us/,Front doors of Emerson Hall,,,,Hancock
Hancock,Cranberry Isles,town,https://www.cranberryisles-me.gov/,,,,,Hancock
Hancock,Dedham,election,https://www.dedhamme.org/index.asp?SEC=F6196C83-D62F-40DC-BF35-13F815190E14&Type=B_BASIC,,,,,Hancock
Hancock,Deer Isle,town,https://www.townofdeerisle.org/,Town Office,,,,Hancock
Hancock,Eastbrook,town,https://www.eastbrookme.com/,,,,,Hancock
Hancock,Ellsworth,election,https://www.ellsworthmaine.gov/elections/,Church Street entrance lobby of City Hall,,,,Hancock
Hancock,Fletcher's Landing Township,election,https://www.ellsworthmaine.gov/elections/,Church Street entrance lobby of City Hall,,,,Hancock
Hancock,Franklin,town,https://www.franklinmaine.com/site/,,,,,Hancock
Hancock,Frenchboro,town,https://frenchboro.maine.gov/,,,,,Hancock
Hancock,Gouldsboro,town,https://www.gouldsborotown.com/,,,,,Hancock
Hancock,Great Pond,town,https://www.hcpcme.org/greatpond/index.htm,,,,,Hancock
Hancock,Hancock,election,https://hancockmaine.org,,,,,Hancock
Hancock,Lamoine,town,https://www.lamoine-me.gov/,,,,,Hancock
Hancock,Mariaville,town,https://www.mariavilleme.gov/,,,,,Hancock
Hancock,Mount Desert,election,https://www.mtdesert.org/town-clerk/pages/elections-voting,,,,,Hancock
Hancock,Orland,town,https://townoforland.org/election-information/,,,,,Hancock
Hancock,Osborn,town,https://www.osbornmaine.org/,,,,,Hancock
Hancock,Otis,town,https://townofotis.com/,,,,,Hancock
Hancock,Penobscot,town,https://penobscotmaine.org/,,,,,Hancock
Hancock,Sedgwick,contact info,http://mainegov-images.informe.org/local/town.php?t=Sedgwick,,,,,Hancock
Hancock,Sorrento,contact info,http://mainegov-images.informe.org/local/town.php?t=Sorrento,,,,,Hancock
Hancock,Southwest Harbor,town,http://www.southwestharbormaine.org/,,,,,Hancock
Hancock,Stonington,town,https://www.stoningtonmaine.org/,,,,,Hancock
Hancock,Sullivan,town,https://sullivanmaine.org/,,,,,Hancock
Hancock,Surry,election,https://www.townofsurrymaine.com/departments/elections/index.php,,,,,Hancock
Hancock,Swans Island,town,https://www.swansisland.org/,,,,,Hancock
Hancock,Tremont,town,https://tremont.maine.gov/,,,,,Hancock
Hancock,Trenton,town,https://www.trentonme.com/,,,,,Hancock
Hancock,Verona Island,town,http://www.veroname.org/,,,,,Hancock
Hancock,Waltham,contact info,http://mainegov-images.informe.org/local/town.php?t=Waltham,,,,,Hancock
Hancock,Winter Harbor,town,https://winterharbortown.com/,,,,,Hancock
Kennebec,Albion,town,https://townofalbionmaine.com/,,,,,Kennebec
Kennebec,Augusta,election,https://www.augustamaine.gov/elections,,,,,Kennebec
Kennebec,Belgrade,election,https://www.townofbelgrade.com/voterregistration,Town Office,,,,Kennebec
Kennebec,Benton,election,https://www.bentonmaine.info/elections,,,,,Kennebec
Kennebec,Chelsea,town,https://chelseamaine.org/,,,,,Kennebec
Kennebec,China,election,https://chinamaine.org/departments/administration/town-clerk/elections,,,,,Kennebec
Kennebec,Clinton,town,https://www.clinton-me.us/,,,,,Kennebec
Kennebec,Farmingdale,election,https://www.farmingdalemaine.org/index.asp?SEC=645DE9BE-E94D-4525-BF14-931B69726E98&Type=B_BASIC,,,,,Kennebec
Kennebec,Fayette,town,https://www.fayettemaine.org/,,,,,Kennebec
Kennebec,Gardiner,election,https://www.gardinermaine.gov/Resident/Voting-Elections,"Outside the door to City Hall, facing the parking lot",,,,Kennebec
Kennebec,Hallowell,election,https://hallowell.govoffice.com/index.asp?Type=B_BASIC&SEC=%7B49BCD9B5-12A8-43C1-96FA-2F515E9100E9%7D,,,,,Kennebec
Kennebec,Litchfield,election,https://www.litchfieldmaine.org/town-government/town-meeting/,,,,,Kennebec
Kennebec,Manchester,election,https://www.manchesterme.org/town-clerk,,,,,Kennebec
Kennebec,Monmouth,town,https://monmouthmaine.gov/,,,,,Kennebec
Kennebec,Mount Vernon,town,https://www.mtvernonme.org/,,,,,Kennebec
Kennebec,Oakland,town,https://www.oaklandmaine.us/,,,,,Kennebec
Kennebec,Pittston,town,https://www.pittsfieldmaine.gov/,,,,,Kennebec
Kennebec,Randolph,election,https://www.randolphmaine.org/index.asp?SEC=0D417703-B12A-45DC-93E0-C12009065FCB&Type=B_BASIC,,,,,Kennebec
Kennebec,Readfield,election,https://www.readfieldmaine.org/votingelectionstown-mtg/pages/voting-information,,,,,Kennebec
Kennebec,Rome,election,https://www.romemaine.com/town-clerk-registrar,,,,,Kennebec
Kennebec,Sidney,town,https://www.sidneymaine.org/,,,,,Kennebec
Kennebec,Vassalboro,town,https://vassalboro.net/,,,,,Kennebec
Kennebec,Vienna,town,https://www.viennamaine.org/,,,,,Kennebec
Kennebec,Waterville,election,https://www.waterville-me.gov/192/General-Election-Information,,,,,Kennebec
Kennebec,Wayne,election,https://www.waynemaine.org/pages/elections,,,,,Kennebec
Kennebec,West Gardiner,election,https://www.westgardinermaine.org/index.asp?SEC=0179D3F9-2CBC-49BF-890C-7999303630A9&Type=B_BASIC,,,,,Kennebec
Kennebec,Windsor,town,https://windsor.maine.gov/,,,,,Kennebec
Kennebec,Winslow,election,https://www.winslow-me.gov/departments/town_clerk/elections___voting/index.php,,,,,Kennebec
Kennebec,Winthrop,election,https://www.winthropmaine.org/town-clerk/pages/voting-election-information,Town Office at 17 Highland Avenue,,,,Kennebec
Knox,Appleton,town,https://appleton.maine.gov/,,,,,Knox
Knox,Camden,election,https://www.camdenmaine.gov/departments/town_clerk/departments/town_clerk/index.php,"Entrance door of Camden Town Office, 29 Elm Street",,,,Knox
Knox,Cushing,town,https://www.cushing.maine.gov/,,,,,Knox
Knox,Friendship,town,https://friendship.maine.gov/,,,,,Knox
Knox,Hope,town,https://hopemaine.org/,,,,,Knox
Knox,Isle Au Haut,town,https://www.isleauhautmaine.us/,,,,,Knox
Knox,Matinicus Isle Plantation,town,https://matinicusplantation.com/election-information/,,,,,Knox
Knox,North Haven,town,https://www.northhavenmaine.org/,,,,,Knox
Knox,Owls Head,town,https://www.owlshead.maine.gov/,,,,,Knox
Knox,Rockland,election,https://rocklandmaine.gov/municipal/departments/clerks-office/voting/,,,,,Knox
Knox,Rockport,election,https://rockportmaine.gov/elections,,,,,Knox
Knox,South Thomaston,town,https://souththomaston.me/voting-and-elections/,,,,,Knox
Knox,St. George,election,https://www.stgeorgemaine.com/page/elections,,,,,Knox
Knox,Thomaston,town,https://thomastonmaine.gov/index.asp?SEC=126CAC0D-8642-4F02-8010-5BB0C1D51B6A,,,,,Knox
Knox,Union,election,https://www.union.maine.gov/index.asp?SEC=0CE95965-3E88-49A6-8457-30093F663D27&Type=B_BASIC,,,,,Knox
Knox,Vinalhaven,town,https://www.townofvinalhaven.org/,,,,,Knox
Knox,Warren,election,https://warrenmaine.org/index.asp?SEC=9A16E126-423D-4173-BA38-89BF24884BF9,,,,,Knox
Knox,Washington,town,https://www.washington.maine.gov/,,,,,Knox
Lincoln,Alna,town,https://www.alna.maine.gov/,,,,,Lincoln
Lincoln,Boothbay,town,https://www.townofboothbay.org/,,,,,Lincoln
Lincoln,Boothbay Harbor,town,https://www.boothbayharbor.org/,,,,,Lincoln
Lincoln,Bremen,town,https://www.bremenmaine.org/,,,,,Lincoln
Lincoln,Bristol,election,https://www.bristolmaine.org/town-clerk/pages/elections,Town Hall - to the left of the front door,,,,Lincoln
Lincoln,Damariscotta,election,https://www.damariscottame.com/town-clerk/pages/elections,,,,,Lincoln
Lincoln,Dresden,town,https://dresdenme.org/,,,,,Lincoln
Lincoln,Edgecomb,town,https://edgecomb.org/,,,,,Lincoln
Lincoln,Jefferson,election,https://jeffersonmaine.org/election-information/,,,,,Lincoln
Lincoln,Monhegan Island Plantation,town,https://monheganplantation.gov/,,,,,Lincoln
Lincoln,Newcastle,election,https://www.newcastlemaine.us/town-clerk/pages/election-information,,,,,Lincoln
Lincoln,Nobleboro,election,https://www.nobleboro.maine.gov/index.asp?SEC=67EBFAF5-F8EA-425F-B95E-A9E91456E085,,,,,Lincoln
Lincoln,Somerville,town,https://www.somervillemaine.org/,,,,,Lincoln
Lincoln,South Bristol,town,https://sbristolme.gov/,,,,,Lincoln
Lincoln,Southport,town,https://www.townofsouthport.org/,,,,,Lincoln
Lincoln,Waldoboro,election,https://www.waldoboromaine.org/departments/town_clerk/voting_information/index.php,,,,,Lincoln
Lincoln,Westport Island,town,https://www.westportisland.gov/,,,,,Lincoln
Lincoln,Whitefield,election,https://townofwhitefield.com/election-information/,,,,,Lincoln
Lincoln,Wiscasset,town,https://www.wiscasset.gov/,,,,,Lincoln
Oxford,Andover,town,https://www.andovermaine.org/,,,,,Oxford
Oxford,Bethel,town,https://bethelmaine.org/,,,,,Oxford
Oxford,Brownfield,town,https://www.brownfieldmaine.gov/,,,,,Oxford
Oxford,Buckfield,town,https://www.buckfield.maine.gov/,,,,,Oxford
Oxford,Byron,Facebook,https://www.facebook.com/Town-of-Byron-Maine-559875007809068/,,,,,Oxford
Oxford,Canton,town,https://www.cantonme.com/,,,,,Oxford
Oxford,Denmark,election,https://denmarkmaine.org/pages/town-services,,,,,Oxford
Oxford,Dixfield,town,https://dixfield.org/,,,,,Oxford
Oxford,Fryeburg,town,https://www.fryeburgmaine.org/,,,,,Oxford
Oxford,Gilead,Facebook,https://www.facebook.com/pages/category/Government-Organization/Gilead-Town-Office-614214438918965/,,,,,Oxford
Oxford,Greenwood,town,https://www.greenwoodmaine.org/,,,,,Oxford
Oxford,Hanover,town,https://hanoverme.org/,,,,,Oxford
Oxford,Hartford,town,https://hartfordmaine.weebly.com/,,,,,Oxford
Oxford,Hebron,election,https://hebronmaine.org/committees-other-officials/election-faqs/,,,,,Oxford
Oxford,Hiram,election,https://townofhiram.org/elections,,,,,Oxford
Oxford,Lincoln Plantation,contact info,http://mainegov-images.informe.org/local/town.php?t=Lincoln%20Plt,,,,,Oxford
Oxford,Lovell,town,https://www.lovellmaine.org/,,,,,Oxford
Oxford,Magalloway Plantation,Facebook,https://www.facebook.com/pages/Magalloway-Plantation-Maine/109272282425174,,,,,Oxford
Oxford,Mason Township,(Oxford County unorganized territories),https://www.oxfordcounty.org/unorg-territory,,,,,Oxford
Oxford,Mexico,town,https://mexicomaine.net/,,,,,Oxford
Oxford,Milton Township,(Oxford County unorganized territories),https://www.oxfordcounty.org/unorg-territory,,,,,Oxford
Oxford,Newry,town,https://newrymaine.org/,,,,,Oxford
Oxford,North Oxford Unorganized Territories,(Oxford County unorganized territories),https://www.oxfordcounty.org/unorg-territory,,,,,Oxford
Oxford,Norway,election,https://norwaymaine.com/?page_id=115,,,,,Oxford
Oxford,Otisfield,election,https://www.otisfieldme.gov/town-clerk/pages/voting-election-information,,,,,Oxford
Oxford,Oxford,town,https://www.oxfordmaine.org/,Town Office,,,,Oxford
Oxford,Paris,town,https://parismaine.org/clerks-office/elections-voting/,,,,,Oxford
Oxford,Peru,town,https://townofperumaine.org/,,,,,Oxford
Oxford,Porter,election,https://portermaine.org/voter-reg-%26-elections,,,,,Oxford
Oxford,Roxbury,town,https://www.roxburymaine.com/index.php,,,,,Oxford
Oxford,Rumford,town,https://rumfordme.org/,,,,,Oxford
Oxford,South Oxford Unorganized Territory,Facebook,https://www.facebook.com/pages/South-Oxford-Maine/139309962754460,,,,,Oxford
Oxford,Stoneham,town,https://stoneham-maine.com/default.html,,,,,Oxford
Oxford,Stow,town,https://www.stowmaine.us/#!,,,,,Oxford
Oxford,Sumner,town,https://www.townofsumner.me/,,,,,Oxford
Oxford,Sweden,election,https://swedenmaine.org/voter-registration/,,,,,Oxford
Oxford,Upton,contact info,http://mainegov-images.informe.org/local/town.php?t=Upton,,,,,Oxford
Oxford,Waterford,town,https://waterfordme.org/index.php,,,,,Oxford
Oxford,West Paris,election,https://westparisme.com/pages/elections,,,,,Oxford
Oxford,Woodstock,town,https://www.woodstockmaine.org/,,,,,Oxford
Penobscot,Alton,town,https://www.altonmaine.org/,,,,,Penobscot
Penobscot,Argyle,(Penobscot County unorganized territories),https://www.ut.penobscot-county.net/,,,,,Penobscot
Penobscot,Bangor,election,https://www.bangormaine.gov/191/Voting-Elections,City Hall,,,,Penobscot
Penobscot,Bradford,town,https://www.bradfordme.org/,,,,,Penobscot
Penobscot,Bradley,election,https://www.townofbradley.net/voter-information/,Municipal Building,,,,Penobscot
Penobscot,Brewer,election,https://brewermaine.gov/city-clerk/register-to-vote/,,,,,Penobscot
Penobscot,Burlington,town,https://burlingtonme.com/,,,,,Penobscot
Penobscot,Carmel,town,https://townofcarmel.org/,,,,,Penobscot
Penobscot,Carroll Plantation,Facebook,https://www.facebook.com/pages/Carroll-Plantation-Town-Offices/1504687936419080,,,,,Penobscot
Penobscot,Cedar Lake Township,(Penobscot County unorganized territories),https://www.ut.penobscot-county.net/,,,,,Penobscot
Penobscot,Charleston,town,https://www.charlestonmaine.com/,,,,,Penobscot
Penobscot,Chester,town,https://chesterme.org/,,,,,Penobscot
Penobscot,Clifton,town,https://cliftonme.com/,,,,,Penobscot
Penobscot,Corinna,election,https://corinna.govoffice.com/index.asp?SEC=E47FF968-670B-444E-A6C7-0BCFCAAA3ADA&Type=B_BASIC,,,,,Penobscot
Penobscot,Corinth,election,https://www.townofcorinth.com/voting-elections,,,,,Penobscot
Penobscot,Dexter,town,https://www.dextermaine.org/,,,,,Penobscot
Penobscot,Dixmont,town,https://www.townofdixmont.org/,,,,,Penobscot
Penobscot,Drew Plantation,Facebook,https://www.facebook.com/pages/Drew-Plantation-Town-Office/260577274122319,,,,,Penobscot
Penobscot,East Millinocket,town,https://www.eastmillinocket.org/default.aspx,,,,,Penobscot
Penobscot,Eddington,town,https://www.eddingtonmaine.gov/,,,,,Penobscot
Penobscot,Edinburg,contact info,http://mainegov-images.informe.org/local/town.php?t=Edinburg,,,,,Penobscot
Penobscot,Enfield,town,https://www.enfieldmaine.org/,,,,,Penobscot
Penobscot,Etna,town,https://www.townofetna.com/,,,,,Penobscot
Penobscot,Exeter,town,http://www.townofexetermaine.com/,,,,,Penobscot
Penobscot,Garland,town,https://www.garlandmaine.net/,,,,,Penobscot
Penobscot,Glenburn,election,https://www.glenburn.org/index.asp?Type=B_BASIC&SEC={7E74E00E-6642-419F-A2B2-CE346E84470F},,,,,Penobscot
Penobscot,Grand Falls,(Penobscot County unorganized territories),https://www.ut.penobscot-county.net/,,,,,Penobscot
Penobscot,Greenbush,election,https://www.townofgreenbushmaine.org/,,,,,Penobscot
Penobscot,Greenfield,(Penobscot County unorganized territories),https://www.ut.penobscot-county.net/,,,,,Penobscot
Penobscot,Grindstone,(Penobscot County unorganized territories),https://www.ut.penobscot-county.net/,,,,,Penobscot
Penobscot,Hampden,election,https://www.hampdenmaine.gov/index.asp?SEC=814F1FE8-B9B4-408F-BD48-4A96889967AF&DE=3835680A-54C7-40D5-8E78-04785A3F6555&Type=B_BASIC,,,,,Penobscot
Penobscot,Hermon,town,https://www.hermonmaine.gov/,,,,,Penobscot
Penobscot,Herseytown,(Penobscot County unorganized territories),https://www.ut.penobscot-county.net/,,,,,Penobscot
Penobscot,Holden,town,https://www.holdenmaine.com/,,,,,Penobscot
Penobscot,Hopkins Academy Grant,(Penobscot County unorganized territories),https://www.ut.penobscot-county.net/,,,,,Penobscot
Penobscot,Howland,election,https://howlandmaine.com/election-information/,,,,,Penobscot
Penobscot,Hudson,town,https://hudsonmaine.wordpress.com/,,,,,Penobscot
Penobscot,Indian Island,tribe,https://www.penobscotnation.org/,,,,,Penobscot
Penobscot,Indian Ourchase 4,(Penobscot County unorganized territories),https://www.ut.penobscot-county.net/,,,,,Penobscot
Penobscot,Indian Purchase 3,(Penobscot County unorganized territories),https://www.ut.penobscot-county.net/,,,,,Penobscot
Penobscot,Kenduskeag,town,https://kenduskeag.org/,,,,,Penobscot
Penobscot,Kingman,(Penobscot County unorganized territories),https://www.ut.penobscot-county.net/,,,,,Penobscot
Penobscot,Lagrange,town,https://www.lagrangeme.com/,,,,,Penobscot
Penobscot,Lakeville,contact info,http://mainegov-images.informe.org/local/town.php?t=Lakeville,,,,,Penobscot
Penobscot,Lee,town,https://townofleemaine.com/?fbclid=IwAR216TZGttfGoXGDDLBo2T6cabLKE5nO6757yqHbzsuOPWfA9YykHKTtImo,,,,,Penobscot
Penobscot,Levant,town,https://townoflevant.net/,,,,,Penobscot
Penobscot,Lincoln,town,https://lincolnmaine.org/,Town Office,,,,Penobscot
Penobscot,Long A,(Penobscot County unorganized territories),https://www.ut.penobscot-county.net/,,,,,Penobscot
Penobscot,Lowell,town,https://lowellme.org/,,,,,Penobscot
Penobscot,Mattamiscontis,(Penobscot County unorganized territories),https://www.ut.penobscot-county.net/,,,,,Penobscot
Penobscot,Mattawamkeag,Facebook,https://www.facebook.com/pages/Town-of-Mattawamkeag/119176698133775,,,,,Penobscot
Penobscot,Maxfield,contact info,http://mainegov-images.informe.org/local/town.php?t=Maxfield,,,,,Penobscot
Penobscot,Medway,town,https://www.medwaymaine.org/,,,,,Penobscot
Penobscot,Milford,town,https://www.milfordmaine.org/,,,,,Penobscot
Penobscot,Millinocket,election,https://millinocket.org/government/public-notices/,,,,,Penobscot
Penobscot,Mount Chase,Facebook,https://www.facebook.com/pages/category/Community/Mt-Chase-Maine-279593082200069/,,,,,Penobscot
Penobscot,Newburgh,town,https://www.townofnewburghmaine.com/,,,,,Penobscot
Penobscot,Newport,town,https://newportlandmaine.org/,,,,,Penobscot
Penobscot,Old Town,town,https://old-town.org/,,,,,Penobscot
Penobscot,Orono,election,https://www.orono.org/304/Elections-Voting-Information,,,,,Penobscot
Penobscot,Orrington,election,https://orrington.govoffice.com/index.asp?SEC=AE8FA375-F621-43CF-8569-5ED6E3BC7317&Type=B_BASIC,,,,,Penobscot
Penobscot,Passadumkeag,Facebook,https://www.facebook.com/Passadumkeag-172464189468151/,,,,,Penobscot
Penobscot,Patten,town,https://www.pattenmaine.org/,,,,,Penobscot
Penobscot,Plymouth,town,https://townofplymouthmaine.com/,,,,,Penobscot
Penobscot,Prentiss,(Penobscot County unorganized territories),https://www.ut.penobscot-county.net/,,,,,Penobscot
Penobscot,Pukakon,(Penobscot County unorganized territories),https://www.ut.penobscot-county.net/,,,,,Penobscot
Penobscot,Seboeis Plantation,contact info,http://mainegov-images.informe.org/local/town.php?t=Seboeis%20Plt,,,,,Penobscot
Penobscot,Soldiertown,(Penobscot County unorganized territories),https://www.ut.penobscot-county.net/,,,,,Penobscot
Penobscot,Springfield,town,https://springfieldmaine.weebly.com/,,,,,Penobscot
Penobscot,Stacyville,Facebook,https://www.facebook.com/pages/Town-of-Stacyville/135924309789703,,,,,Penobscot
Penobscot,Stetson,town,http://www.stetsonmaine.net/,,,,,Penobscot
Penobscot,Summit,(Penobscot County unorganized territories),https://www.ut.penobscot-county.net/,,,,,Penobscot
Penobscot,T1 R6 WELS,(Penobscot County unorganized territories),https://www.ut.penobscot-county.net/,,,,,Penobscot
Penobscot,T1 R8 WELS,(Penobscot County unorganized territories),https://www.ut.penobscot-county.net/,,,,,Penobscot
Penobscot,T2 R8 NWP,(Penobscot County unorganized territories),https://www.ut.penobscot-county.net/,,,,,Penobscot
Penobscot,T2 R8 WELS,(Penobscot County unorganized territories),https://www.ut.penobscot-county.net/,,,,,Penobscot
Penobscot,T2 R9 NWP,(Penobscot County unorganized territories),https://www.ut.penobscot-county.net/,,,,,Penobscot
Penobscot,T3 R1 NBPP,(Penobscot County unorganized territories),https://www.ut.penobscot-county.net/,,,,,Penobscot
Penobscot,T3 R7 WELS,(Penobscot County unorganized territories),https://www.ut.penobscot-county.net/,,,,,Penobscot
Penobscot,T3 R8 WELS,(Penobscot County unorganized territories),https://www.ut.penobscot-county.net/,,,,,Penobscot
Penobscot,T4 R7 WELS,(Penobscot County unorganized territories),https://www.ut.penobscot-county.net/,,,,,Penobscot
Penobscot,T4 R8 WELS,(Penobscot County unorganized territories),https://www.ut.penobscot-county.net/,,,,,Penobscot
Penobscot,T5 R7 WELS,(Penobscot County unorganized territories),https://www.ut.penobscot-county.net/,,,,,Penobscot
Penobscot,T5 R8 WELS,(Penobscot County unorganized territories),https://www.ut.penobscot-county.net/,,,,,Penobscot
Penobscot,T6 R6 WELS,(Penobscot County unorganized territories),https://www.ut.penobscot-county.net/,,,,,Penobscot
Penobscot,T6 R7 WELS,(Penobscot County unorganized territories),https://www.ut.penobscot-county.net/,,,,,Penobscot
Penobscot,T6 R8 WELS,(Penobscot County unorganized territories),https://www.ut.penobscot-county.net/,,,,,Penobscot
Penobscot,T7 R6 WELS,(Penobscot County unorganized territories),https://www.ut.penobscot-county.net/,,,,,Penobscot
Penobscot,T7 R7 WELS,(Penobscot County unorganized territories),https://www.ut.penobscot-county.net/,,,,,Penobscot
Penobscot,T7 R8 WELS,(Penobscot County unorganized territories),https://www.ut.penobscot-county.net/,,,,,Penobscot
Penobscot,T8 R6 WELS,(Penobscot County unorganized territories),https://www.ut.penobscot-county.net/,,,,,Penobscot
Penobscot,T8 R7 WELS,(Penobscot County unorganized territories),https://www.ut.penobscot-county.net/,,,,,Penobscot
Penobscot,T8 R8 WELS,(Penobscot County unorganized territories),https://www.ut.penobscot-county.net/,,,,,Penobscot
Penobscot,TA R7 WELS,(Penobscot County unorganized territories),https://www.ut.penobscot-county.net/,,,,,Penobscot
Penobscot,Veazie,town,https://www.veazie.net/,,,,,Penobscot
Penobscot,Veazie Gore,(Penobscot County unorganized territories),https://www.ut.penobscot-county.net/,,,,,Penobscot
Penobscot,Webster Plantation,contact info,http://mainegov-images.informe.org/local/town.php?t=Webster%20Plt,,,,,Penobscot
Penobscot,Winn,Facebook,https://www.facebook.com/groups/274231479284800/,,,,,Penobscot
Penobscot,Woodville,Facebook,https://www.facebook.com/ResidencesofWoodville/,,,,,Penobscot
Piscataquis,Abbot,Facebook,https://www.facebook.com/Town-of-Abbot-Maine-433075913559730/,,,,,Piscataquis
Piscataquis,Atkinson,contact info,http://mainegov-images.informe.org/local/town.php?t=Atkinson,,,,,Piscataquis
Piscataquis,Beaver Cove,town,https://beavercoveme.com/,,,,,Piscataquis
Piscataquis,Bowerbank,contact info,http://mainegov-images.informe.org/local/town.php?t=Bowerbank,,,,,Piscataquis
Piscataquis,Brownville,town,https://www.brownville.org/,,,,,Piscataquis
Piscataquis,Dover-Foxcroft,election,https://dover-foxcroft.org/index.asp?SEC=7C1A7B17-8A72-43D5-AD67-3BC308535303&Type=B_BASIC,Outside front entrance of municipal building,,,,Piscataquis
Piscataquis,Greenville,election,https://greenvilleme.gov/town-office/voter-registration-election-info/,,,,,Piscataquis
Piscataquis,Guilford,election,https://townofguilford.com/departments/town-office/voter-registration-election-information/,,,,,Piscataquis
Piscataquis,Kingsbury Plantation,town,https://kingsburyplantation.com/,,,,,Piscataquis
Piscataquis,Lake View Plantation,town,https://www.lakeviewpltme.org/,,,,,Piscataquis
Piscataquis,Medford,town,https://townofmedfordmaine.com/index.html,,,,,Piscataquis
Piscataquis,Milo,town,https://www.milomaine.org/index.asp?SEC=3233607C-A151-4A54-BA86-71709E7386A2&Type=B_BASIC,,,,,Piscataquis
Piscataquis,Monson,town,https://www.monsonmaine.org/,,,,,Piscataquis
Piscataquis,Parkman,town,https://www.parkmanmaine.com/,,,,,Piscataquis
Piscataquis,Sangerville,town,https://sangervilleme.com/,,,,,Piscataquis
Piscataquis,Sebec,town,https://townofsebec.com/index.html,,,,,Piscataquis
Piscataquis,Shirley,town,https://shirleymaine.org/,,,,,Piscataquis
Piscataquis,Wellington,town,https://www.townofwellington.org/,,,,,Piscataquis
Piscataquis,Willimantic,town,https://www.willimanticme.com/,,,,,Piscataquis
Sagadahoc,Arrowsic,election,https://www.arrowsic.org/elections.html,,,,,Sagadahoc
Sagadahoc,Bath,town,https://www.cityofbathmaine.gov/Elections/,City Hall,,,,Sagadahoc
Sagadahoc,Bowdoin,town,https://bowdoinme.com/,,,,,Sagadahoc
Sagadahoc,Bowdoinham,election,https://www.bowdoinham.com/elections,,,,,Sagadahoc
Sagadahoc,Georgetown,town,https://www.georgetownme.com/,,,,,Sagadahoc
Sagadahoc,Phippsburg,election,https://phippsburg.com/,,,,,Sagadahoc
Sagadahoc,Richmond,town,https://www.richmondmaine.com/,,,,,Sagadahoc
Sagadahoc,Topsham,election,https://www.topshammaine.com/?SEC=5F5D9F59-DAB4-4BCD-9A94-D793724D801F,Town Hall - parking lot,,,,Sagadahoc
Sagadahoc,West Bath,election,https://www.westbath.org/index.asp?SEC=99D46678-CB32-4274-8AB1-7D3A89F0DA62&Type=B_BASIC,,,,,Sagadahoc
Sagadahoc,Woolwich,town,https://woolwich.us/,,,,,Sagadahoc
Somerset,Anson,town,https://ansonmaine.town/,,,,,Somerset
Somerset,Athens,town,https://www.athens.maine.gov/,,,,,Somerset
Somerset,Bingham,town,https://binghammaine.org/,,,,,Somerset
Somerset,Brighton Plantation,contact info,http://mainegov-images.informe.org/local/town.php?t=Brighton%20Plt,,,,,Somerset
Somerset,Cambridge,town,https://cambridgemaine.com/,,,,,Somerset
Somerset,Canaan,town,https://townofcanaan.com/,,,,,Somerset
Somerset,Caratunk,Facebook,https://www.facebook.com/caratunk/,,,,,Somerset
Somerset,Cornville,town,https://townofcornville.com/,,,,,Somerset
Somerset,Dennistown Plantation,contact info,http://mainegov-images.informe.org/local/town.php?t=Dennistown%20Plt,,,,,Somerset
Somerset,Detroit,Facebook,https://www.facebook.com/TownofDetroitMaine/?rf=863282867033273,,,,,Somerset
Somerset,Embden,town,https://embden.maine.gov/,,,,,Somerset
Somerset,Fairfield,town,https://www.fortfairfield.org/,Town Office,,,,Somerset
Somerset,Harmony,Facebook,https://www.facebook.com/profile.php?id=100064722069024,,,,,Somerset
Somerset,Hartland,town,https://www.townofhartlandme.com/,,,,,Somerset
Somerset,Highland Plantation,town,https://www.highlandplt.com/,,,,,Somerset
Somerset,Jackman,town,https://jackmanme.net,,,,,Somerset
Somerset,Madison,town,https://www.madisonmaine.com/,,,,,Somerset
Somerset,Mercer,election,https://mercermaine.com/election-information/,Outside town office,,,,Somerset
Somerset,Moose River,contact info,http://mainegov-images.informe.org/local/town.php?t=Moose%20River,,,,,Somerset
Somerset,Moscow,town,https://moscowmaine.org/,,,,,Somerset
Somerset,New Portland,town,http://www.newportlandmaine.org,,,,,Somerset
Somerset,Norridgewock,town,https://www.townofnorridgewock.com/elections-voting,,,,,Somerset
Somerset,Palmyra,town,https://palmyratown.org/,,,,,Somerset
Somerset,Pittsfield,election,https://www.pittsfield.org/govtdepartmentsclerk,,,,,Somerset
Somerset,Pleasant Ridge Plantation,contact info,http://mainegov-images.informe.org/local/town.php?t=Pleasant%20Ridge%20Plt,,,,,Somerset
Somerset,Ripley,contact info,http://mainegov-images.informe.org/local/town.php?t=Ripley,,,,,Somerset
Somerset,Skowhegan,election,https://www.skowhegan.org/148/Elections,,,,,Somerset
Somerset,Smithfield,town,https://smithfieldmaine.us/,,,,,Somerset
Somerset,Solon,election,https://solon.maine.gov/pages/elections-voting,,,,,Somerset
Somerset,St. Albans,election,https://townofstalbans.net/pages/elections,,,,,Somerset
Somerset,Starks,town,https://www.starksme.com/,,,,,Somerset
Somerset,The Forks Plantation,town,https://theforksplt.org/,,,,,Somerset
Somerset,West Forks Plantation,town,https://theforksplt.org/,,,,,Somerset
Waldo,Belfast,election,https://www.cityofbelfast.org/117/Voting-Information,City Hall by High Street entrance,,,,Waldo
Waldo,Belmont,election,https://belmontme.org/,,,,,Waldo
Waldo,Brooks,town,https://www.brooksme.org/,,,,,Waldo
Waldo,Burnham,town,https://burnham-maine.us/,,,,,Waldo
Waldo,Frankfort,town,https://www.frankfortme.com/,,,,,Waldo
Waldo,Freedom,town,https://www.freedomme.org/,,,,,Waldo
Waldo,Islesboro,town,https://townofislesboro.com/town-office/,,,,,Waldo
Waldo,Jackson,town,https://www.jacksonmaine.org/,,,,,Waldo
Waldo,Knox,town,https://www.knoxmaine.com/,,,,,Waldo
Waldo,Liberty,town,https://libertymaine.us/,,,,,Waldo
Waldo,Lincolnville,election,https://www.town.lincolnville.me.us/index.asp?Type=B_BASIC&SEC={16A09510-61D4-4B52-9C77-CA97DC839854},,,,,Waldo
Waldo,Monroe,town,https://townofmonroe.me/,,,,,Waldo
Waldo,Montville,town,https://www.montvillemaine.org/,Town Office porch,,,,Waldo
Waldo,Morrill,town,https://www.morrillme.org/,,,,,Waldo
Waldo,Northport,election,https://northportmaine.org/elections-and-voter-registrations/,,,,,Waldo
Waldo,Palermo,town,https://www.townofpalermo.org/,,,,,Waldo
Waldo,Prospect,election,http://www.prospectmaine.org/elections---voting.html,,,,,Waldo
Waldo,Searsmont,election,https://searsmont.com/index.asp?SEC=9E5C7A14-4412-465D-BC99-8AF27119B059&Type=B_BASIC,,,,,Waldo
Waldo,Searsport,town,https://searsport.maine.gov/,,,,,Waldo
Waldo,Stockton Springs,town,https://www.stocktonsprings.org/,,,,,Waldo
Waldo,Swanville,town,https://www.swanvillemaine.org/,,,,,Waldo
Waldo,Thorndike,election,https://thorndikeme.com/index.asp?SEC=D42E5C62-C8F2-412D-B91D-13F3D6B81396,,,,,Waldo
Waldo,Troy,town,https://troyme.org/,,,,,Waldo
Waldo,Unity,town,https://unityme.org/,,,,,Waldo
Waldo,Waldo,town,https://townofwaldomaine.com/,,,,,Waldo
Waldo,Winterport,town,https://www.winterportmaine.gov/,,,,,Waldo
Washington,Addison,town,https://addisonmaine.org/,,,,,Washington
Washington,Alexander,election,https://www.alexandermaine.com/elections.html,,,,,Washington
Washington,Baileyville,town,https://baileyvillemaine.com/,,,,,Washington
Washington,Beals,contact info,http://mainegov-images.informe.org/local/town.php?t=Beals,,,,,Washington
Washington,Beddington,town,https://www.beddingtonmaine.org/,,,,,Washington
Washington,Calais,election,https://www.calaismaine.org/voting/,,,,,Washington
Washington,Charlotte,town,https://charlotteme.org/,,,,,Washington
Washington,Cherryfield,town,https://www.cherryfieldmaine.us/town-information/,,,,,Washington
Washington,Codyville Plantation,contact info,http://mainegov-images.informe.org/local/town.php?t=Codyville%20Plt,,,,,Washington
Washington,Columbia,Facebook,https://www.facebook.com/Columbia-Maine-750525565066405/,,,,,Washington
Washington,Columbia Falls,town,https://columbiafallsmaine.org/,,,,,Washington
Washington,Cooper,town,https://www.coopermaine.com/,,,,,Washington
Washington,Crawford,contact info,http://mainegov-images.informe.org/local/town.php?t=Crawford,,,,,Washington
Washington,Cutler,town,https://www.cutlermaine.net/,,,,,Washington
Washington,Danforth,town,https://townofdanforthmaine.com/,,,,,Washington
Washington,Deblois,contact info,http://mainegov-images.informe.org/local/town.php?t=Deblois,,,,,Washington
Washington,Dennysville,contact info,http://mainegov-images.informe.org/local/town.php?t=Dennysville,,,,,Washington
Washington,East Machias,Facebook,https://www.facebook.com/eastmachias/,,,,,Washington
Washington,Eastport,election,https://www.eastport-me.gov/city-clerks-office/pages/elections-voting-information,,,,,Washington
Washington,Grand Lake Stream Plantation,Facebook,https://www.facebook.com/GrandLakeStreamMaine/,,,,,Washington
Washington,Harrington,town,https://www.harringtonmaine.com/,,,,,Washington
Washington,Indian Township Reservation,tribe,https://www.passamaquoddy.com/?page_id=492,,,,,Washington
Washington,Jonesboro,contact info,http://mainegov-images.informe.org/local/town.php?t=Jonesboro,,,,,Washington
Washington,Jonesport,election,https://www.townofjonesport.com/office/voter-info.php,,,,,Washington
Washington,Lubec,town,https://townoflubec.com/,,,,,Washington
Washington,Machias,election,https://machiasme.org/departments-staff/town-clerk/election-services/,,,,,Washington
Washington,Machiasport,town,https://machiasport.org/,,,,,Washington
Washington,Marshfield,town,https://www.marshfieldmaine.gov/,,,,,Washington
Washington,Meddybemps,town,https://www.meddybempslake.com/,,,,,Washington
Washington,Milbridge,contact info,http://mainegov-images.informe.org/local/town.php?t=Milbridge,,,,,Washington
Washington,Northfield,town,https://www.northfieldme.com/,,,,,Washington
Washington,Pembroke,town,http://www.pembrokemaine.org/,,,,,Washington
Washington,Perry,town,https://perrymaine.org/,,,,,Washington
Washington,Pleasant Point Reservation,tribe,https://www.passamaquoddy.com/?page_id=492,,,,,Washington
Washington,Princeton,Facebook,https://www.facebook.com/PrincetonMaine/,,,,,Washington
Washington,Robbinston,town,https://townofrobbinston.org/,,,,,Washington
Washington,Roque Bluffs,contact info,http://mainegov-images.informe.org/local/town.php?t=Roque%20Bluffs,,,,,Washington
Washington,Steuben,town,https://townofsteuben.com/election-information/,,,,,Washington
Washington,Talmadge,town,https://talmadge.me/,,,,,Washington
Washington,Topsfield,contact info,http://mainegov-images.informe.org/local/town.php?t=Topsfield,,,,,Washington
Washington,Vanceboro,contact info,http://mainegov-images.informe.org/local/town.php?t=Vanceboro,,,,,Washington
Washington,Waite,Facebook,https://www.facebook.com/townofwaiteme/,,,,,Washington
Washington,Wesley,town,http://sites.google.com/site/wesleyevents/wesley-community-events,,,,,Washington
Washington,Whiting,town,https://www.whitingmaine.com/,,,,,Washington
Washington,Whitneyville,town,https://sites.google.com/site/whitneyvilleinfo/home,,,,,Washington
York,Acton,town,https://www.actonmaine.org/,,,,,York
York,Alfred,election,https://www.alfredme.gov/departments/town_clerk/elections.php,,,,,York
York,Arundel,town,https://arundelmaine.org/,,,,,York
York,Berwick,town,https://www.townofnorthberwick.org/,,,,,York
York,Biddeford,town,https://www.biddefordmaine.org/,Next to the back stairs of City Hall on the South Street side of the building,,,,York
York,Buxton,election,https://www.buxton.me.us/pages/voting,Municipal Clerk - inside,,,,York
York,Cornish,town,https://www.cornishme.com/,,,,,York
York,Dayton,town,https://www.dayton-me.gov/,,,,,York
York,Eliot,election,https://www.eliotmaine.org/404/Elections,Town Office - 24hr,,,,York
York,Hollis,election,https://www.hollismaine.org/town-clerk/pages/elections,,,,,York
York,Kennebunk,election,https://www.kennebunkmaine.us/444/Election-and-Town-Meeting-Information,,,,,York
York,Kennebunkport,election,https://www.kennebunkportme.gov/departments/town_clerk/elections_and_voting.php,,,,,York
York,Kittery,election,https://www.kitteryme.gov/town-clerk/pages/voting-elections,,,,,York
York,Lebanon,election,https://www.lebanon-me.org/town-clerk-tax-collector/pages/election-information,,,,,York
York,Limerick,town,https://www.limerickme.org/index.html,,,,,York
York,Limington,town,https://www.limington.net/,No,,,,York
York,Lyman,town,https://lyman-me.gov/,,,,,York
York,Newfield,election,https://newfieldme.org/departments/elections_-_state/index.php,Town Office - next to entrance,,,,York
York,North Berwick,town,http://www.townofnorthberwick.org/,,,,,York
York,Ogunquit,town,https://www.ogunquit.gov/,,,,,York
York,Old Orchard Beach,election,https://www.oobmaine.com/department/voter-registration/,,,,,York
York,Parsonsfield,town,https://www.parsonsfield.org/,,,,,York
York,Saco,election,https://www.sacomaine.org/departments/city_clerk/elections_and_voting.php,On the Cutts Avenue side of City Hall,,,,York
York,Sanford,election,https://www.sanfordmaine.org/departments/election___voter_information/index.php,,,,,York
York,Shapleigh,town,https://www.shapleigh.net/,,,,,York
York,South Berwick,election,https://www.southberwickmaine.org/departments/town_clerk/index.php,,,,,York
York,Waterboro,town,https://www.waterboro-me.gov/index.php,,,,,York
York,Wells,election,https://www.wellstown.org/440/Town-Meeting-Election-Info,,,,,York
York,York,town,https://www.yorkmaine.org/,,,,,York