Office,Dist,County,Party,LastName,FirstName,MiddleName,Suffix,Type,ballotpedia,website,website_text,comparison,comparison_text
Governor,,,R,LePage,Paul,R.,,U,,,,,
Governor,,,D,Mills,Janet,T.,,U,,,,,
United States House of Representatives,1,,D,Pingree,Chellie,M.,,U,,,,,
United States House of Representatives,1,,R,Thelander,Edwin,,,U,,,,,
United States House of Representatives,2,,R,Caruso,Elizabeth,M.,,C,https://ballotpedia.org/Elizabeth_Caruso,https://www.lizformaine.com/,Campaign website,,
United States House of Representatives,2,,D,Golden,Jared,Forrest,,U,,,,,
United States House of Representatives,2,,R,Poliquin,Bruce,,,C,https://ballotpedia.org/Bruce_Poliquin,https://poliquinforcongress.com/,Campaign website,,
State Senate,1,,R,Bernard,Susan,Y.,,U,,,,,
State Senate,1,,D,Jackson,Troy,Dale,,U,,,,,
State Senate,2,,D,Farnsworth,Laura,A.,,U,,,,,
State Senate,2,,R,Stewart,Harold,L.,III,U,,,,,
State Senate,3,,D,Bean,Shawn,G.,,U,,,,,
State Senate,3,,R,Farrin,Bradlee,Thomas,,U,,,,,
State Senate,4,,R,Guerin,Stacey,K.,,U,,,,,
State Senate,4,,D,Thurlow,Andrea,I.,,U,,,,,
State Senate,5,,R,Black,Russell,J.,,U,,,,,
State Senate,5,,D,Wheeler,Stanley,A.,,U,,,,,
State Senate,6,,D,Goble,Jonathan,C.,,U,,,,,
State Senate,6,,R,Moore,Marianne,,,U,,,,,
State Senate,7,,D,Grohoski,Nicole,C.,,U,,,,,
State Senate,7,,R,Langley,Brian,D.,,U,,,,,
State Senate,8,,D,Furth,Abraham,Woodman,,C,https://ballotpedia.org/Abe_Furth,https://abefurth.mainecandidate.com/,Campaign website,,
State Senate,8,,R,Rojo,Eric,,,C,https://ballotpedia.org/Eric_Rojo,http://www.dcwatch.com/archives/election2002/rojo01.htm,Campaign announcement,,
State Senate,8,,R,Tibbetts,Grace,Ann,,C,https://ballotpedia.org/Grace_Ann_Tibbetts,https://www.facebook.com/profile.php?id=100078803269674,Campaign Facebook page,,
State Senate,8,,D,Tipping,Michael,,,C,https://ballotpedia.org/Mike_Tipping,https://tippingforsenate.com/,Campaign website,,
State Senate,9,,D,Baldacci,Joseph,M.,,U,,,,,
State Senate,9,,R,Plowman,James,D.,,U,,,,,
State Senate,10,,D,Cammack,Ralph,E.,Jr.,U,,,,,
State Senate,10,,R,Cross,Robert,N.,,C,https://ballotpedia.org/Robert_Cross,https://www.facebook.com/RobCrossforSenate,Campaign Facebook page,,
State Senate,10,,R,Lyford,Peter,A.,,C,https://ballotpedia.org/Peter_Lyford,https://www.facebook.com/peterlyfordstaterep/,Campaign Facebook page,,
State Senate,11,,D,Curry,Glenn,Chip,,U,,,,,
State Senate,11,,R,Kinney,MaryAnne,,,U,,,,,
State Senate,12,,D,Beebe-Center,Anne,H.,,U,,,,,
State Senate,12,,R,Rocknak,W.,Scott,,U,,,,,
State Senate,13,,D,Levesque,David,,,C,https://ballotpedia.org/David_Levesque,https://levesquelaw.com/,Professional website,,
State Senate,13,,D,Reny,Cameron,D.,,C,https://ballotpedia.org/Cameron_Reny,https://www.facebook.com/renyforsenate,Campaign Facebook page,,
State Senate,13,,R,Simmons,Abden,,,U,,,,,
State Senate,14,,R,Hanley,Jeffery,P.,,U,,,,,
State Senate,14,,D,Hickman,Craig,V.,,U,,,,,
State Senate,15,,R,Pouliot,Matthew,Gary,,U,,,,,
State Senate,15,,D,St. Valle,Storme,Jude,,U,,,,,
State Senate,16,,R,Andre,Mark,R.,,C,https://ballotpedia.org/Mark_Andre,https://www.facebook.com/candidatemarkandre,Campaign Facebook page,,
State Senate,16,,R,Kitchin,Kevin,D.,,C,https://ballotpedia.org/Kevin_Kitchin,https://kevinkitchin.com/,Campaign website,,
State Senate,16,,D,LaFountain,David,P.,,U,,,,,
State Senate,16,,R,Perkins,Michael,D.,,C,https://ballotpedia.org/Michael_Perkins_(Maine),https://www.facebook.com/repmikeperkins/,Campaign Facebook page,,
State Senate,17,,D,Keller,Jo-Jean,,,U,,,,,
State Senate,17,,R,Timberlake,Jeffrey,L.,,U,,,,,
State Senate,18,,R,Bennett,Richard,A.,,U,,,,,
State Senate,18,,D,O'Neill,Colin,D.,,U,,,,,
State Senate,19,,D,Carter,Timothy,Andrew,,U,,,,,
State Senate,19,,R,Keim,Lisa,M.,,U,,,,,
State Senate,20,,R,Brakey,Eric,L.,,U,,,,,
State Senate,20,,D,Sheats,Bettyann,W.,,U,,,,,
State Senate,21,,R,LaChapelle,Ricky,R.,,U,,,,,
State Senate,21,,D,Rotundo,Margaret,R.,,U,,,,,
State Senate,22,,R,Libby,James,D.,,U,,,,,
State Senate,22,,D,McKinney,Michael,A.,,U,,,,,
State Senate,23,,D,Daughtry,Matthea,Elisabeth,,U,,,,,
State Senate,23,,R,Teel,Brogan,P.K.,,U,,,,,
State Senate,24,,R,Brackley,Matthew,R.,,U,,,,,
State Senate,24,,D,Vitelli,Eloise,A.,,U,,,,,
State Senate,25,,D,Pierce,Teresa,S.,,U,,,,,
State Senate,25,,R,White,Jennifer,L.,,U,,,,,
State Senate,26,,D,Nangle,Timothy,E.,,U,,,,,
State Senate,26,,R,Plummer,Gary,E.,,U,,,,,
State Senate,27,,D,Capron,Kenneth,A.,,C,https://ballotpedia.org/Ken_Capron,https://www.facebook.com/kenneth.capron,Personal Facebook page,https://www.pressherald.com/2022/05/31/senate-district-27-jill-duson-vs-ken-capron/,Press Herald article
State Senate,27,,D,Duson,Jill,C.,,C,https://ballotpedia.org/Jill_Duson,https://dusonformaine.mainecandidates.com/,Campaign website,https://www.pressherald.com/2022/05/31/senate-district-27-jill-duson-vs-ken-capron/,Press Herald article
State Senate,27,,R,Tounge,Jeffrey,,,U,,,,,
State Senate,28,,D,Chipman,Benjamin,M.,,U,,,,,
State Senate,28,,R,McMann,Ryan,M.,,U,,,,,
State Senate,29,,D,Carney,Anne,M.,,U,,,,,
State Senate,29,,R,Lewis,John,Wesley,,U,,,,,
State Senate,30,,D,Brenner,Stacy,Fielding,,U,,,,,
State Senate,30,,R,Thorsen,Timothy,J.,,U,,,,,
State Senate,31,,D,Bailey,Donna,,,U,,,,,
State Senate,31,,R,MacDonald,Sharri,K.,,U,,,,,
State Senate,32,,R,Corbett,David,G.,,U,,,,,
State Senate,32,,D,Ingwersen,Henry,L.,,U,,,,,
State Senate,33,,R,Harrington,Matthew,A.,,U,,,,,
State Senate,33,,D,Williams,Kendra,A.,,U,,,,,
State Senate,34,,R,Ducharme,Bradley,Scott,,U,,,,,
State Senate,34,,D,Rafferty,Joseph,E.,Jr.,U,,,,,
State Senate,35,,D,Lawrence,Mark,W.,,U,,,,,
State Senate,35,,R,Rakic,Julie,,,U,,,,,
State House of Representatives,1,,D,Jandreau,Toby,D.,,U,,,,,
State House of Representatives,1,,R,Theriault,Austin,L.,,U,,,,,
State House of Representatives,2,,R,Albert,Roger,Clarence,,U,,,,,
State House of Representatives,2,,D,Paradis,Bernard,,,U,,,,,
State House of Representatives,3,,R,Babin,Mark,Michael,,U,,,,,
State House of Representatives,3,,D,McCrea,David,H.,,U,,,,,
State House of Representatives,4,,R,Guerrette,Timothy,C.,,U,,,,,
State House of Representatives,4,,D,Rossignol,Jordyn,Victoria,,U,,,,,
State House of Representatives,5,,D,Freeman,Kevin,Gregory,,U,,,,,
State House of Representatives,5,,R,Underwood,Joseph,F.,,U,,,,,
State House of Representatives,6,,R,Ardell,Donald,J.,,U,,,,,
State House of Representatives,7,,D,Carpenter,Michael,E.,,U,,,,,
State House of Representatives,7,,R,Swallow,Gregory,L.,,U,,,,,
State House of Representatives,8,,R,Quint,Tracy,Lynn,,U,,,,,
State House of Representatives,8,,D,Ritchie,Kevin,B.,,U,,,,,
State House of Representatives,9,,R,Chambers,John,Victor,,U,,,,,
State House of Representatives,9,,D,Perry,Anne,C.,,U,,,,,
State House of Representatives,10,,R,Davis,Kenneth,Ralph,Jr.,U,,,,,
State House of Representatives,11,,R,Alley,Kendall,M.,,C,https://ballotpedia.org/Kendall_Alley,https://www.facebook.com/people/Kendall-MAlley-for-State-Representative-District-11/100079957821530/,Campaign Facebook page,,
State House of Representatives,11,,D,Rogers,Roland,Eben,III,U,,,,,
State House of Representatives,11,,R,Strout,Tiffany,,,C,https://ballotpedia.org/Tiffany_Strout,https://www.facebook.com/profile.php?id=100079166662913,Campaign Facebook page,,
State House of Representatives,12,,R,Faulkingham,Billy Bob,,,U,,,,,
State House of Representatives,13,,R,Linnehan,John,,,U,,,,,
State House of Representatives,13,,D,Reeve,Barbara,W.,,U,,,,,
State House of Representatives,14,,R,Coston,Stephen,A.,,C,https://ballotpedia.org/Stephen_Coston,https://www.costonshea.com/,Professional website,,
State House of Representatives,14,,R,Haass,Duncan,G.,,C,https://ballotpedia.org/Duncan_Haass,https://www.facebook.com/duncan.haass,Personal Facebook page,,
State House of Representatives,14,,D,Williams,Lynne,A.,,U,,,,,
State House of Representatives,15,,D,Eaton,Holly,,,U,,,,,
State House of Representatives,15,,R,Joyce,Jason,Manantan,,U,,,,,
State House of Representatives,16,,R,Hanrahan,Stephen,M.,III,U,,,,,
State House of Representatives,16,,D,Milliken,Nina,Azella,,U,,,,,
State House of Representatives,17,,R,Hutchins,Sherman,H.,,U,,,,,
State House of Representatives,17,,D,Person,Pamela,W.,,U,,,,,
State House of Representatives,18,,R,Carmichael,Meldon,H.,,U,,,,,
State House of Representatives,18,,D,Throckmorton,Timothy,B.,,U,,,,,
State House of Representatives,19,,R,Campbell,Richard,H.,,U,,,,,
State House of Representatives,20,,R,Morin,Jennifer,Marie,,U,,,,,
State House of Representatives,20,,D,O'Connell,Kevin,J.M.,,U,,,,,
State House of Representatives,21,,D,Cardone,Barbara,A.,,U,,,,,
State House of Representatives,22,,R,Damon,Douglas,K.,,U,,,,,
State House of Representatives,22,,D,Supica,Laura,D.,,U,,,,,
State House of Representatives,23,,R,Pece,David,J.,,U,,,,,
State House of Representatives,23,,D,Roeder,Amy,J.,,U,,,,,
State House of Representatives,24,,R,Hathaway,Roderick,Allen,,U,,,,,
State House of Representatives,24,,D,Perry,Joseph,C.,,U,,,,,
State House of Representatives,25,,R,Bowie,Cameron,S.,,U,,,,,
State House of Representatives,25,,D,Osher,Laurie,J.,,U,,,,,
State House of Representatives,26,,D,Dill,James,F.,,U,,,,,
State House of Representatives,26,,R,Ouellette,Christina,M.,,U,,,,,
State House of Representatives,27,,R,Drinkwater,Gary,,,U,,,,,
State House of Representatives,27,,D,Vaillancourt,Julie,,,U,,,,,
State House of Representatives,28,,D,DiPentino,Natalie,D.,,U,,,,,
State House of Representatives,28,,R,Gifford,Jeffery,Allen,,U,,,,,
State House of Representatives,29,,R,Javner,Kathy,Irene,,U,,,,,
State House of Representatives,29,,D,York,Laurie,E.,,U,,,,,
State House of Representatives,30,,D,Sidell,W.,Louis,Jr.,U,,,,,
State House of Representatives,30,,R,White,James,Lee,,U,,,,,
State House of Representatives,31,,D,Evans,Richard,A.,,U,,,,,
State House of Representatives,31,,R,Perkins,Chad,Richard,,U,,,,,
State House of Representatives,32,,R,Foster,Steven,D.,,U,,,,,
State House of Representatives,33,,R,Costain,Danny,E.,,U,,,,,
State House of Representatives,33,,D,Todd,Donovan,E.,III,U,,,,,
State House of Representatives,34,,R,Griffin,Abigail,W.,,U,,,,,
State House of Representatives,34,,D,Roma,Frank,Lawrence,,U,,,,,
State House of Representatives,35,,D,Augustine,Candace,T.,,U,,,,,
State House of Representatives,35,,R,Thorne,James,E.,,U,,,,,
State House of Representatives,36,,D,Card,Kristen,M.,,U,,,,,
State House of Representatives,36,,R,Haggan,David,G.,,U,,,,,
State House of Representatives,37,,D,English-Flanagan,Margaret,D.,,U,,,,,
State House of Representatives,37,,R,Kelley,Kevin,J.,,C,https://ballotpedia.org/Kevin_Kelley_(Maine),https://www.linkedin.com/in/kevin-kelley-20005/,LinkedIn page,,
State House of Representatives,37,,R,Paul,Reagan,L.,,C,https://ballotpedia.org/Reagan_Paul,https://www.facebook.com/Reagan-Paul-for-Maine-State-Representative-101440792541946/,Campaign Facebook page,,
State House of Representatives,38,,G,Garrold,Heather,Elizabeth,,U,,,,,
State House of Representatives,38,,R,Hymes,Benjamin,C.,,C,https://ballotpedia.org/Benjamin_Hymes,https://www.benjaminhymesdistrict38.com/,Campaign website,,
State House of Representatives,38,,D,Stanicki,Robyn,M.,,U,,,,,
State House of Representatives,38,,R,Waryck,Jesse,J.,,C,https://ballotpedia.org/Jesse_Waryck,https://www.facebook.com/jesse.waryck,Personal Facebook page,,
State House of Representatives,39,,D,Dodge,Janice,S.,,U,,,,,
State House of Representatives,39,,R,Hemenway,Stephen,J.,,U,,,,,
State House of Representatives,40,,R,Harrington,Tricia,M.,,U,,,,,
State House of Representatives,40,,D,Zeigler,Stanley,Paige,Jr.,U,,,,,
State House of Representatives,41,,R,Butterworth,Susan,Lee,,U,,,,,
State House of Representatives,41,,D,Doudera,Victoria,W.,,U,,,,,
State House of Representatives,42,,D,Geiger,Valli,D.,,U,,,,,
State House of Representatives,42,,R,Tranfaglia,Roger,V.,,U,,,,,
State House of Representatives,43,,D,Matlack,Ann,Higgins,,U,,,,,
State House of Representatives,43,,R,Sprague,Heather,Anne,,U,,,,,
State House of Representatives,44,,R,Robinson,Crystal,L.,,U,,,,,
State House of Representatives,45,,D,Collamore,Clinton,E.,,U,,,,,
State House of Representatives,45,,R,Madison,Lynn,J.,,U,,,,,
State House of Representatives,46,,D,Crafts,Lydia,V.,,U,,,,,
State House of Representatives,46,,R,Parise,Merle,James,II,U,,,,,
State House of Representatives,47,,R,Polewarczyk,Edward,J.,,U,,,,,
State House of Representatives,48,,D,Moroney,Thomas,A.,,C,https://ballotpedia.org/Thomas_Moroney,https://www.boothbayregister.com/article/tom-moroney-announces-candidacy-house-district-48/159618,Candidacy announcement,,
State House of Representatives,48,,D,Stover,Holly,B.,,C,https://ballotpedia.org/Holly_Stover,https://stover.mainecandidate.com/,Campaign website,,
State House of Representatives,48,,R,Warren,Tricia,L.,,U,,,,,
State House of Representatives,49,,D,Hepler,Allison,L.,,U,,,,,
State House of Representatives,49,,R,Tetrev,Richard,Henry,,U,,,,,
State House of Representatives,50,,R,Desjardins,Jason,E.,,U,,,,,
State House of Representatives,50,,D,Paulhus,Sean,C.,,U,,,,,
State House of Representatives,51,,R,Baker,Linda,L.,,U,,,,,
State House of Representatives,51,,D,Jauch,Rebecca,L.,,U,,,,,
State House of Representatives,52,,D,Berry,Seth,A.,,U,,,,,
State House of Representatives,53,,D,Beckwith,Jane,L.,,U,,,,,
State House of Representatives,53,,R,Lemelin,Michael,,,U,,,,,
State House of Representatives,54,,R,Bussell,Charles,J.,,U,,,,,
State House of Representatives,54,,D,Montell,Karen,L.,,U,,,,,
State House of Representatives,55,,D,Shagoury,Daniel,Joseph,,C,https://ballotpedia.org/Daniel_Shagoury,https://www.linkedin.com/in/dan-shagoury-7379b08/,LinkedIn page,,
State House of Representatives,55,,R,Wiseman,Phillip,Ryan,,U,,,,,
State House of Representatives,55,,D,Wynne,Patrick,B.,,C,https://ballotpedia.org/Patrick_Wynne_(Maine),https://www.wynneworksforus.com/,Campaign website,,
State House of Representatives,56,,R,Greenwood,Randall,Adam,,U,,,,,
State House of Representatives,57,,D,Hasenfus,Tavis,Rock,,U,,,,,
State House of Representatives,57,,R,Wilson,Corey,S.,,U,,,,,
State House of Representatives,58,,D,Neal,Robert,Smith,,U,,,,,
State House of Representatives,58,,R,Newman,Daniel,J.,,U,,,,,
State House of Representatives,59,,D,LaRochelle,Raegan,French,,U,,,,,
State House of Representatives,59,,R,Michaud,Micheal,Raymond,,C,https://ballotpedia.org/Michael_Michaud,https://www.congress.gov/member/michael-michaud/M001149,Congress website,,
State House of Representatives,59,,R,Orr,James,E.,,C,https://ballotpedia.org/James_Orr_(Maine),https://www.linkedin.com/in/james-orr-4240465a/,LinkedIn page,,
State House of Representatives,60,,D,Bridgeo,William,R.,,U,,,,,
State House of Representatives,60,,R,Clardy,William,L.,,U,,,,,
State House of Representatives,61,,R,Bradstreet,Richard,T.,,U,,,,,
State House of Representatives,61,,D,Davidoff,Amy,J.,,U,,,,,
State House of Representatives,62,,R,Smith,Katrina,J.,,C,https://ballotpedia.org/Katrina_Smith,https://www.katrinaformaine.com/,Campaign website,,
State House of Representatives,62,,D,Swift,Pamela,J.,,U,,,,,
State House of Representatives,62,,R,Tuminaro,Jennifer,V.,,C,https://ballotpedia.org/Jennifer_Tuminaro,https://www.facebook.com/profile.php?id=100008189655308,Personal Facebook page,,
State House of Representatives,63,,D,Bloomstein,Phillip,,,U,,,,,
State House of Representatives,63,,R,Cyrway,Scott,Wynn,,U,,,,,
State House of Representatives,64,,D,Madigan,Colleen,M.,,U,,,,,
State House of Representatives,64,,R,Malcolm,Ruth,Ann,,U,,,,,
State House of Representatives,65,,R,Brown,Tammy,,,U,,,,,
State House of Representatives,65,,D,White,Bruce,A.,,U,,,,,
State House of Representatives,66,,D,Barnes,Alicia,,,U,,,,,
State House of Representatives,66,,R,Nutting,Robert,W.,,U,,,,,
State House of Representatives,67,,R,Rudnicki,Shelley,J.,,U,,,,,
State House of Representatives,67,,D,Sezak,Robert,,,U,,,,,
State House of Representatives,68,,R,Collamore,Amanda,Noelle,,U,,,,,
State House of Representatives,68,,D,Short,Stanley,Byron,Jr.,U,,,,,
State House of Representatives,69,,R,Cray,Dean,A.,,U,,,,,
State House of Representatives,69,,D,Hale,Stephen,A.,,U,,,,,
State House of Representatives,70,,D,Lofving,Iver,W.,,U,,,,,
State House of Representatives,70,,R,Poirier,Jennifer,Lynn,,U,,,,,
State House of Representatives,71,,R,Ducharme,John,E.,III,U,,,,,
State House of Representatives,71,,D,Perkins,Allison,Mary,,U,,,,,
State House of Representatives,72,,R,Dunphy,Larry,C.,,U,,,,,
State House of Representatives,73,,R,Bessey,Nancy,J.,,C,https://ballotpedia.org/Nancy_Bessey,https://www.facebook.com/besseyformehouse73,Campaign Facebook page,,
State House of Representatives,73,,D,House,Vincent,Michael,,U,,,,,
State House of Representatives,73,,R,Soboleski,Michael,,,C,https://ballotpedia.org/Michael_Soboleski,https://www.mikeformainerep.com/,Campaign website,,
State House of Representatives,74,,R,Hall,Randall,C.,,U,,,,,
State House of Representatives,74,,D,Kimber,Gregory,M.,,U,,,,,
State House of Representatives,75,,R,Estabrook,Tiffany,E.,,U,,,,,
State House of Representatives,75,,D,Landry,H.,Scott,,U,,,,,
State House of Representatives,76,,D,Hoke,Tamara,N.,,U,,,,,
State House of Representatives,76,,R,Lyman,Sheila,A.,,U,,,,,
State House of Representatives,77,,D,Bishop,Bonita,L.,,U,,,,,
State House of Representatives,77,,R,Brown,Jody,W.,,C,https://ballotpedia.org/Jody_Brown,https://www.facebook.com/profile.php?id=100079257378154,Campaign Facebook page,,
State House of Representatives,77,,R,Schmersal-Burgess,Tammy,L.,,C,https://ballotpedia.org/Tammy_Schmersal-Burgess,https://www.sunjournal.com/2022/05/26/running-for-district-77/,Candidacy announcement,,
State House of Representatives,78,,R,Dolloff,Josanne,C.,,U,,,,,
State House of Representatives,78,,D,Thurston,David,P.,,U,,,,,
State House of Representatives,79,,R,Abbott,Dannie,D.,,C,https://ballotpedia.org/Dannie_Abbott,https://www.facebook.com/dannie.abbott,Personal Facebook page,,
State House of Representatives,79,,R,Andrews,John,E.,,C,https://ballotpedia.org/John_Andrews_(Maine),https://andrewsformaine.com/,Campaign website,,
State House of Representatives,79,,D,Berry,Don,R.,,U,,,,,
State House of Representatives,79,,R,Ricci,Ryan,G.,,C,https://ballotpedia.org/Ryan_Ricci,https://www.facebook.com/RyanRicciForStateRep,Campaign Facebook page,,
State House of Representatives,80,,R,Jackson,Caldwell,,,U,,,,,
State House of Representatives,81,,R,Millett,H.,Sawin,Jr.,U,,,,,
State House of Representatives,81,,D,Sipe,Daniel,A.,,U,,,,,
State House of Representatives,82,,D,Burnett,Nathan,Robert,,U,,,,,
State House of Representatives,82,,R,Ness,Caleb,Joshua,,U,,,,,
State House of Representatives,83,,R,Dodge,Donna,,,C,https://ballotpedia.org/Donna_Dodge,https://www.facebook.com/profile.php?id=100079753941638,Personal Facebook page,,
State House of Representatives,83,,R,Scribner,Sierra,Dyan,,C,https://ballotpedia.org/Sierra_Scribner,https://www.facebook.com/people/Sierra-Scribner-for-Representative-District-83/100077593931685/,Campaign Facebook page,,
State House of Representatives,84,,D,Powers,Barry,F.,,U,,,,,
State House of Representatives,84,,R,Walker,Mark,,,U,,,,,
State House of Representatives,85,,R,Pomerleau,Kimberly,J.,,U,,,,,
State House of Representatives,85,,D,Struebing,Christopher,V.,,U,,,,,
State House of Representatives,86,,D,Fay,Jessica,L.,,U,,,,,
State House of Representatives,86,,R,Foster,Gregory,E.,,C,https://ballotpedia.org/Gregory_Foster,https://www.facebook.com/greg.foster.982845,Personal Facebook page,,
State House of Representatives,86,,R,Lockwood,Karen,L.,,C,https://ballotpedia.org/Karen_Lockwood,https://www.facebook.com/karen.l.lockwood,Personal Facebook page,,
State House of Representatives,87,,R,Boyer,David,W.,,U,,,,,
State House of Representatives,88,,R,Munsell,Patrick,W.,,U,,,,,
State House of Representatives,88,,D,Shaw,Kathleen,A.,,U,,,,,
State House of Representatives,89,,D,Lee,Adam,R.,,U,,,,,
State House of Representatives,90,,D,Dieterich,Amy,,,U,,,,,
State House of Representatives,90,,R,Libby,Laurel,D.,,U,,,,,
State House of Representatives,91,,D,Lipson,Hildie,J.,,U,,,,,
State House of Representatives,91,,R,Morris,Joshua,K.,,U,,,,,
State House of Representatives,92,,R,Martin,Thomas,Henry,Jr.,C,https://ballotpedia.org/Thomas_Martin_Jr.,https://www.facebook.com/RepTomMartin,Campaign Facebook page,,
State House of Representatives,92,,R,Wood,Stephen,J.,,C,https://ballotpedia.org/Stephen_Wood,https://www.facebook.com/staterepsteve.wood,Campaign Facebook page,,
State House of Representatives,93,,D,Craven,Margaret,M.,,U,,,,,
State House of Representatives,93,,R,McCarthy,Robert,Andrew,,U,,,,,
State House of Representatives,94,,R,Beaudoin,Janet,Inger,,U,,,,,
State House of Representatives,94,,D,Cloutier,Kristen,Sarah,,U,,,,,
State House of Representatives,95,,D,Abdi,Mana,H.,,U,,,,,
State House of Representatives,95,,R,Sanborn-Silvers,Fred,O.,,U,,,,,
State House of Representatives,96,,R,Connor,Jonathan,M.,,U,,,,,
State House of Representatives,96,,D,Myrand,John,V.,,U,,,,,
State House of Representatives,97,,D,Gaiason,Scott,Newman,,U,,,,,
State House of Representatives,97,,R,Mason,Richard,G.,,U,,,,,
State House of Representatives,98,,D,Breen,Orion,Evenstar,,U,,,,,
State House of Representatives,98,,R,Galletta,Joseph,C.,,C,https://ballotpedia.org/Joseph_Galletta,,None available,,
State House of Representatives,98,,R,Lebida,Guy,M.,,C,https://ballotpedia.org/Guy_Lebida,https://www.facebook.com/guylebidaforhouse,Campaign Facebook page,,
State House of Representatives,99,,R,Davis,Stephen,Warner,,C,https://ballotpedia.org/Stephen_Davis_(Maine),https://www.facebook.com/people/Stephen-Bubba-Davis-for-House-of-Representatives-District-99/100063960558923/,Campaign Facebook page,,
State House of Representatives,99,,D,Golek,Cheryl,A.,,C,https://ballotpedia.org/Cheryl_Golek,https://www.facebook.com/profile.php?id=100075943915637,Campaign Facebook page,,
State House of Representatives,99,,R,Lawler,Michael,J.,,C,https://ballotpedia.org/Michael_Lawler_(Maine),https://www.pressherald.com/2018/10/21/michael-j-lawler/,Press Herald candidate profile,,
State House of Representatives,99,,D,Menair,Sheila,S.,,C,https://ballotpedia.org/Sheila_Menair,https://www.pressherald.com/2022/02/16/financial-planner-seeks-house-district-99-seat/,Candidacy announcement,,
State House of Representatives,100,,D,Ankeles,Daniel,J.,,C,https://ballotpedia.org/Dan_Ankeles,https://danankelesforbrunswick.com/,Campaign website,,
State House of Representatives,100,,D,Kaleigh,Andrew,Kingman,,C,https://ballotpedia.org/Andrew_Kaleigh,https://www.andrewkaleigh.com/,Campaign website,,
State House of Representatives,100,,R,Lallier,Angela,D.,,U,,,,,
State House of Representatives,101,,D,Arford,Poppy,T.,,U,,,,,
State House of Representatives,101,,R,Jackson,Ravi,,,U,,,,,
State House of Representatives,102,,R,Finegan,James,J.,Jr.,C,https://ballotpedia.org/James_Finegan_Jr.,https://www.facebook.com/jay.finegan.3,Personal Facebook page,,
State House of Representatives,102,,R,LeDuc-Kuntz,Gina,B.,,C,https://ballotpedia.org/Gina_LeDuc-Kuntz,https://www.ginaforfreeport.com/,Campaign website,,
State House of Representatives,102,,D,Sachs,Melanie,F.,,U,,,,,
State House of Representatives,103,,D,Bell,Arthur,L.,,U,,,,,
State House of Representatives,103,,R,Gardiner,William,C.,,U,,,,,
State House of Representatives,104,,R,Arata,Amy,Bradstreet,,U,,,,,
State House of Representatives,105,,D,Graham,Anne,,,U,,,,,
State House of Representatives,105,,R,Reed,David,Lawrence,,U,,,,,
State House of Representatives,106,,R,Bagshaw,Barbara,A.,,C,https://ballotpedia.org/Barbara_Bagshaw,https://www.facebook.com/profile.php?id=100075936801292&ref=py_c,Campaign Facebook page,,
State House of Representatives,106,,D,Priest,Jonathan,E.,,U,,,,,
State House of Representatives,106,,R,Tyler,Thomas,M.,,C,https://ballotpedia.org/Thomas_Tyler,https://www.facebook.com/tom.tyler.946,Personal Facebook page,,
State House of Representatives,107,,D,Fullam,Paul,C.,,U,,,,,
State House of Representatives,107,,R,Hall,Michael,David,,U,,,,,
State House of Representatives,108,,R,Cressey,Stephanie,R.,,U,,,,,
State House of Representatives,108,,D,Terry,Maureen,Fitzgerald,,U,,,,,
State House of Representatives,109,,D,Boyle,James,Allen,,U,,,,,
State House of Representatives,109,,R,Velozo,Joseph,Edwards,,U,,,,,
State House of Representatives,110,,R,Jordan,Scott,William,,U,,,,,
State House of Representatives,110,,D,Moriarty,Stephen,W.,,U,,,,,
State House of Representatives,111,,D,Kuhn,Amy,D.,,U,,,,,
State House of Representatives,111,,R,Storms,Christopher,Mark,,U,,,,,
State House of Representatives,112,,D,Crockett,W.,Edward,,U,,,,,
State House of Representatives,112,,R,Ryan,Tammy,,,U,,,,,
State House of Representatives,113,,D,Lookner,Grayson,B.,,U,,,,,
State House of Representatives,114,,D,Collings,Benjamin,T.,,U,,,,,
State House of Representatives,114,,R,Merrill,Daniel,L.,,U,,,,,
State House of Representatives,115,,D,Brennan,Michael,F.,,U,,,,,
State House of Representatives,115,,R,Mahaleris,Andrew,Thomas,,U,,,,,
State House of Representatives,116,,R,Holman,Dale,J.,,U,,,,,
State House of Representatives,116,,D,Zager,Samuel,Lewis,,U,,,,,
State House of Representatives,117,,D,Moonen,Matthew,,,U,,,,,
State House of Representatives,118,,D,Ross,Rachel,Talbot,,U,,,,,
State House of Representatives,119,,R,Doyle,Peter,Ignatius,,U,,,,,
State House of Representatives,119,,D,Robins,Susanne,K.,,C,https://ballotpedia.org/Susanne_Robins,https://www.facebook.com/Sue4MEHouse119,Campaign Facebook page,,
State House of Representatives,119,,D,Skold,Charles,A.,,C,https://ballotpedia.org/Charles_Skold,https://charlesskold.medium.com/,Medium blog,,
State House of Representatives,120,,R,Dougherty,Michael,J.,,U,,,,,
State House of Representatives,120,,D,Morales,Victoria,,,U,,,,,
State House of Representatives,121,,D,Kessler,Christopher,J.,,U,,,,,
State House of Representatives,121,,R,Walter,Tammy,,,U,,,,,
State House of Representatives,122,,D,Reckitt,Lois,Galgay,,U,,,,,
State House of Representatives,123,,R,Christy,Annie,,,U,,,,,
State House of Representatives,123,,D,Millett,Rebecca,J.,,U,,,,,
State House of Representatives,124,,R,Markowski,Lisa,,,U,,,,,
State House of Representatives,124,,D,Warren,Sophia,B.,,U,,,,,
State House of Representatives,125,,R,Bolduc,Christopher,A.,,U,,,,,
State House of Representatives,125,,D,Caiazzo,Christopher,James,,U,,,,,
State House of Representatives,126,,D,Caterina,Jean-Marie,,,C,https://ballotpedia.org/Jean-Marie_Caterina,https://jcat4you.com/,Campaign website,,
State House of Representatives,126,,D,Gattine,Andrew,,,C,https://ballotpedia.org/Andrew_Gattine,https://www.facebook.com/DrewGattineForStateRepresentativeMaineDistrict126,Campaign Facebook page,,
State House of Representatives,126,,R,Smith,Leslie,Eugene,Jr.,U,,,,,
State House of Representatives,127,,R,Poitras,Ryan,C.,,U,,,,,
State House of Representatives,127,,D,Rielly,Morgan,J.,,U,,,,,
State House of Representatives,128,,R,Ellis,Charles,William,,U,,,,,
State House of Representatives,128,,D,Salisbury,Suzanne,M.,,U,,,,,
State House of Representatives,129,,R,DuPuis,Stephen,R.,,U,,,,,
State House of Representatives,129,,D,O'Neil,Margaret,M.,,U,,,,,
State House of Representatives,130,,D,Copeland,Lynn,H.,,U,,,,,
State House of Representatives,130,,R,Sirois,Theodore,L.,,U,,,,,
State House of Representatives,131,,R,Eccleston,Scott,B.,,U,,,,,
State House of Representatives,131,,D,Gramlich,Lori,Kathryn,,U,,,,,
State House of Representatives,132,,R,Keenan,Timothy,S.,,U,,,,,
State House of Representatives,132,,D,Sheehan,Erin,R.,,U,,,,,
State House of Representatives,133,,D,Malon,Marc,G.,II,U,,,,,
State House of Representatives,134,,D,Gere,Traci,L.,,U,,,,,
State House of Representatives,134,,R,Jordan,Elizabeth,A.,,C,https://ballotpedia.org/Elizabeth_Jordan,http://jordanforhouse.org/,Campaign website,https://www.pressherald.com/2022/05/26/jordan-russell-in-gop-primary-race-for-house-134/,Press Herald article
State House of Representatives,134,,R,Russell,Ronald,C.,,C,https://ballotpedia.org/Ronald_Russell_(Maine),https://kennebunkportgop.org/meet-ron-russell-candidate-for-house-district-134/,Candidate profile,https://www.pressherald.com/2022/05/26/jordan-russell-in-gop-primary-race-for-house-134/,Press Herald article
State House of Representatives,135,,R,DiFede,Todd,V.,,U,,,,,
State House of Representatives,135,,D,Sayre,Daniel,,,U,,,,,
State House of Representatives,136,,R,Sampson,Heidi,H.,,U,,,,,
State House of Representatives,136,,D,Wagner,Joseph,Andrew,,U,,,,,
State House of Representatives,137,,R,Carlow,Nathan,M.,,U,,,,,
State House of Representatives,137,,D,Faucher,Robert,W.,,U,,,,,
State House of Representatives,138,,R,Blier,Mark,John,,U,,,,,
State House of Representatives,139,,D,Piche,Nancy,Germaine,,U,,,,,
State House of Representatives,139,,R,Woodsome,David,,,U,,,,,
State House of Representatives,140,,R,Parry,Wayne,R.,,U,,,,,
State House of Representatives,140,,D,Watson,Kirstan,L.,,U,,,,,
State House of Representatives,141,,D,Kidder,Patricia,E.,,C,https://ballotpedia.org/Patricia_Kidder,https://www.linkedin.com/in/patty-kidder-6167b26b/,LinkedIn page,,
State House of Representatives,141,,R,Lanigan,Lucas,John,,U,,,,,
State House of Representatives,141,,D,McAdam,John,M.,,C,https://ballotpedia.org/John_McAdam,https://www.facebook.com/jackmcadam141,Campaign Facebook page,,
State House of Representatives,142,,R,Buck,Pamela,Diane,,U,,,,,
State House of Representatives,142,,D,Hanslip,Joseph,Robert,,U,,,,,
State House of Representatives,143,,D,Davie,Wesley,John,,U,,,,,
State House of Representatives,143,,R,Toth,Matthew,J.,,U,,,,,
State House of Representatives,144,,R,Adams,Jeffrey,Sean,,U,,,,,
State House of Representatives,144,,D,Cole,Corinna,,,C,https://ballotpedia.org/Corinna_Cole,https://www.linkedin.com/in/corinnacole/,LinkedIn page,,
State House of Representatives,144,,D,Norwood,Daniel,M.,,C,https://ballotpedia.org/Daniel_Norwood,https://www.linkedin.com/in/dnorwoodcki/,LinkedIn page,,
State House of Representatives,145,,D,Hobbs,Daniel,J.,,U,,,,,
State House of Representatives,145,,R,Roche,Timothy,M.,,U,,,,,
State House of Representatives,146,,R,Moulton,Bradley,S.,,U,,,,,
State House of Representatives,146,,D,Ouellette,Heath,Ryan,,U,,,,,
State House of Representatives,147,,R,Koopman,David,D.,,U,,,,,
State House of Representatives,147,,D,Sargent,Holly,T.,,U,,,,,
State House of Representatives,148,,R,Lavigne,Thomas,A.,,U,,,,,
State House of Representatives,148,,D,Wheeler,Margaret,,,U,,,,,
State House of Representatives,149,,D,Roberts,Tiffany,Danielle,,U,,,,,
State House of Representatives,149,,R,Rouillard,Mark,A.,,U,,,,,
State House of Representatives,150,,D,Meyer,Michele,,,U,,,,,
State House of Representatives,150,,R,Rumery,David,J.,,U,,,,,
State House of Representatives,151,,D,Mathieson,Kristi,Michele,,U,,,,,
State House of Representatives,151,,R,Patten,Howard,L.,,U,,,,,
District Attorney,1,,D,Slattery,Kathryn,M.,,U,,,,,
District Attorney,2,,D,Sahrbeck,Jonathan,T.,,C,,https://reelectsahrbeck.com/,Campaign website,,
District Attorney,2,,D,Sartoris,Jacqueline,Anne,,C,,https://www.sartoris4da.org/,Campaign website,,
District Attorney,3,,R,McLean,Neil,E.,Jr.,U,,,,,
District Attorney,4,,D,Maloney,Maeghan,,,U,,,,,
District Attorney,5,,D,Almy,R.,Christopher,,U,,,,,
District Attorney,6,,D,Irving,Natasha,C.,,U,,,,,
District Attorney,7,,R,Foster,Matthew,J.,,C,,https://www.linkedin.com/in/matthew-foster-a1531a19/,LinkedIn page,,
District Attorney,7,,R,Juskewitch,Steven,A.,,C,,http://juskewitch4da.com/,Campaign website,,
District Attorney,8,,D,Collins,Todd,Roland,,U,,,,,
District Attorney (Write-in),3,,D,Rabasco,Edward,,Jr.,U,,,,,
